Query,AverageExecutionTime(ms),StdDevExecutionTime(ms),AverageElapsedTime(ms),AverageCompileTime(ms),AverageQueueWaitTime(ms),AverageResultCount,AverageResultSize,AverageProcessedObjects,AverageBufferCacheHitRatio,AverageBufferCachePageReadCount
"set `compiler.optimize.groupby` 'false';use tweetverse;select uname, count(*) as c from tweetsdataset t where (some ht in t.entities . hashtags satisfies lowercase(ht . text) = ""jobs"") group by user.name as uname order by c desc limit 10;",70917.6357754,183.3807814884128,70918.06308339999,10.503169099999997,0.0,10.0,464.0,42246255.0,0.0,2344951.0
"set `compiler.optimize.groupby` 'true';use tweetverse;select uname, count(*) as c from tweetsdataset t where (some ht in t.entities . hashtags satisfies lowercase(ht . text) = ""jobs"") group by user.name as uname order by c desc limit 10;",70870.01555699999,120.01490051440133,70870.4182286,8.4460061,0.0,10.0,464.0,42246255.0,0.0,2344951.0
"use tweetverse;select uname, count(*) as c from tweetsdataset t where (some ht in t.entities . hashtags satisfies lowercase(ht . text) = ""jobs"") /*+ hash */ group by user.name as uname order by c desc limit 10;",70730.1466402,134.54761022798255,70730.5814272,8.268094199999998,0.0,10.0,464.0,42246255.0,0.0,2344951.0
"set `compiler.optimize.groupby` 'false';use tweetverse;select uname, count(*) as c from tweetsdataset t group by user.name as uname order by c desc limit 100;",89040.36524529998,674.1505585262549,89040.6985682,4.6050322999999995,0.3,100.0,3761.0,42246255.0,0.0,2344951.0
"set `compiler.optimize.groupby` 'true';use tweetverse;select uname, count(*) as c from tweetsdataset t group by user.name as uname order by c desc limit 100;",86513.26947639999,340.6098171605068,86513.5709513,4.6521002000000005,0.2,100.0,3761.0,42246255.0,0.0,2344951.0
"use tweetverse;select uname, count(*) as c from tweetsdataset t /*+ hash */ group by user.name as uname order by c desc limit 100;",142209.9236085,626.9526992301994,142210.2467735,4.1883123,0.0,100.0,3761.0,42246255.0,0.0,2344951.0
"set `compiler.optimize.groupby` 'false';use tweetverse;select uname, count(*) as c from tweetsdataset t where (some ht in t.entities . hashtags satisfies lowercase(ht . text) = ""jobs"") group by user.name as uname;",70450.39083389999,92.64356315775198,70450.74303119999,6.831049,0.1,493.0,22156.0,42246255.0,0.0,2344951.0
"set `compiler.optimize.groupby` 'true';use tweetverse;select uname, count(*) as c from tweetsdataset t where (some ht in t.entities . hashtags satisfies lowercase(ht . text) = ""jobs"") group by user.name as uname;",70468.1404941,140.15112184556128,70468.48779580001,6.771798800000001,0.1,493.0,22156.0,42246255.0,0.0,2344951.0
"use tweetverse;select uname, count(*) as c from tweetsdataset t where (some ht in t.entities . hashtags satisfies lowercase(ht . text) = ""jobs"") /*+ hash */ group by user.name as uname;",70445.0034137,82.78640655079327,70445.35572010001,6.4252019,0.1,493.0,22156.0,42246255.0,0.0,2344951.0
"set `compiler.optimize.groupby` 'false';use tweetverse;select language, count(*) as c from tweetsdataset t group by t.lang as language;",75430.4671589,982.2143502027144,75430.72464449999,3.3959358,0.1,66.0,2512.0,42246255.0,0.0,2344951.0
"set `compiler.optimize.groupby` 'true';use tweetverse;select language, count(*) as c from tweetsdataset t group by t.lang as language;",66056.595878,74.02332000548297,66056.85921329999,3.3707611999999996,0.0,66.0,2512.0,42246255.0,0.0,2344951.0
"use tweetverse;select language, count(*) as c from tweetsdataset t /*+ hash */ group by t.lang as language;",66139.4013611,143.7397187451398,66139.6876689,3.3797581,0.0,66.0,2512.0,42246255.0,0.0,2344951.0
"set `compiler.optimize.groupby` 'false';use tweetverse; select uname, sum(t.retweeted_status.retweet_count) as c from tweetsdataset t group by user.name as uname order by c desc limit 100;",92781.21973309999,784.867987720438,92781.5059064,4.0283357,0.0,100.0,4115.0,42246255.0,0.0,2344951.0
"set `compiler.optimize.groupby` 'true';use tweetverse; select uname, sum(t.retweeted_status.retweet_count) as c from tweetsdataset t group by user.name as uname order by c desc limit 100;",76611.9568657,230.37015580626223,76612.24703510001,4.0319267000000005,0.0,100.0,4115.0,42246255.0,0.0,2344951.0
"use tweetverse; select uname, sum(t.retweeted_status.retweet_count) as c from tweetsdataset t /*+ hash */ group by user.name as uname order by c desc limit 100;",144103.8720572,557.6643284089724,144104.1663791,3.9416056,0.0,100.0,4115.0,42246255.0,0.0,2344951.0
"set `compiler.optimize.groupby` 'false';use testopen2gb; select ten, count(ten) as count from testdefopen2gb group by testdefopen2gb.ten;",1259.3994297000002,17.691833776856996,1259.6557969,3.5634554,0.0,10.0,360.0,2260380.0,0.0,24530.0
"set `compiler.optimize.groupby` 'true';use testopen2gb; select ten, count(ten) as count from testdefopen2gb group by testdefopen2gb.ten;",860.6359454,10.928161208772297,860.897235,3.3178633999999994,0.1,10.0,360.0,2260380.0,0.0,24530.0
"use testopen2gb; select ten, count(ten) as count from testdefopen2gb /*+ hash */ group by testdefopen2gb.ten;",886.3779334999999,17.19135432891213,886.6540223,3.5176049,0.1,10.0,360.0,2260380.0,0.0,24530.0
"set `compiler.optimize.groupby` 'false';use testopen2gb; select tenkgroups, count(tenkgroups) as count from testdefopen2gb group by testdefopen2gb.tenkgroups;",1292.9926827,49.410188355883,1293.3183795,3.3620232999999997,0.0,10000.0,428890.0,2260380.0,0.0,24530.0
"set `compiler.optimize.groupby` 'true';use testopen2gb; select tenkgroups, count(tenkgroups) as count from testdefopen2gb group by testdefopen2gb.tenkgroups;",916.5445026,18.400158544949946,916.8192405999998,3.4391858999999996,0.0,10000.0,428890.0,2260380.0,0.0,24530.0
"use testopen2gb; select tenkgroups, count(tenkgroups) as count from testdefopen2gb /*+ hash */ group by testdefopen2gb.tenkgroups;",972.2596024000001,22.26449584591476,972.5084423999999,3.2877881,0.0,10000.0,428890.0,2260380.0,0.0,24530.0
"set `compiler.optimize.groupby` 'false';use testopen2gb; select milliongroups, count(milliongroups) as count from testdefopen2gb group by testdefopen2gb.milliongroups;",3116.5301073,91.78958896543638,3116.7743250000003,3.2409217999999997,0.0,887676.0,40734436.0,2260380.0,0.0,24530.0
"set `compiler.optimize.groupby` 'true';use testopen2gb; select milliongroups, count(milliongroups) as count from testdefopen2gb group by testdefopen2gb.milliongroups;",2998.2758722,72.1658778842707,2998.5196779,3.3219862,0.0,887676.0,40734436.0,2260380.0,0.0,24530.0
"use testopen2gb; select milliongroups, count(milliongroups) as count from testdefopen2gb /*+ hash */ group by testdefopen2gb.milliongroups;",2564.0282564999998,88.58054806705861,2564.2900765000004,3.1914749999999996,0.0,887676.0,40734436.0,2260380.0,0.0,24530.0
"set `compiler.optimize.groupby` 'false';use testopen2gb; select similarstring, count(similarstring) as count from testdefopen2gb group by testdefopen2gb.similarstring;",3099.8902495,53.72488709773375,3100.1323536000004,3.1417036999999994,0.0,1.0,148.0,2260380.0,0.0,24530.0
"set `compiler.optimize.groupby` 'true';use testopen2gb; select similarstring, count(similarstring) as count from testdefopen2gb group by testdefopen2gb.similarstring;",910.3045545000001,18.189091204026635,910.5437125000001,3.0808436,0.0,1.0,148.0,2260380.0,0.0,24530.0
"use testopen2gb; select similarstring, count(similarstring) as count from testdefopen2gb /*+ hash */ group by testdefopen2gb.similarstring;",1159.2244665,29.295396061560236,1159.4754854,3.1545411,0.0,1.0,148.0,2260380.0,0.0,24530.0
"set `compiler.optimize.groupby` 'false';use testopen2gb; select similarsmallstring, count(similarsmallstring) as count from testdefopen2gb group by testdefopen2gb.similarsmallstring;",1399.2793485,61.70422906377218,1399.5261366,3.1166367,0.0,1.0,63.0,2260380.0,0.0,24530.0
"set `compiler.optimize.groupby` 'true';use testopen2gb; select similarsmallstring, count(similarsmallstring) as count from testdefopen2gb group by testdefopen2gb.similarsmallstring;",915.2951527000001,16.808706187966514,915.5467629000001,3.1410034,0.1,1.0,63.0,2260380.0,0.0,24530.0
"use testopen2gb; select similarsmallstring, count(similarsmallstring) as count from testdefopen2gb /*+ hash */ group by testdefopen2gb.similarsmallstring;",933.4467586000001,16.44061317877085,933.6971937999999,3.0223257,0.0,1.0,63.0,2260380.0,0.0,24530.0
"set `compiler.optimize.groupby` 'false';use testopen2gb; select normalsmallstring, count(normalsmallstring) as count from testdefopen2gb group by testdefopen2gb.normalsmallstring;",5892.3449741,151.26219207526518,5892.5791074,3.059648,0.0,2257675.0,126429800.0,2260380.0,0.0,24530.0
"set `compiler.optimize.groupby` 'true';use testopen2gb; select normalsmallstring, count(normalsmallstring) as count from testdefopen2gb group by testdefopen2gb.normalsmallstring;",5621.9133086,198.98896378835659,5622.1440938,3.0419902999999997,0.0,2257675.0,126429800.0,2260380.0,0.0,24530.0
"use testopen2gb; select normalsmallstring, count(normalsmallstring) as count from testdefopen2gb /*+ hash */ group by testdefopen2gb.normalsmallstring;",5935.349871799999,204.5230286970137,5935.5943112,3.0790094000000003,0.0,2257675.0,126429800.0,2260380.0,0.0,24530.0
"set `compiler.optimize.groupby` 'false';use testopen2gb; select variablelengthstring, count(variablelengthstring) as count from testdefopen2gb group by testdefopen2gb.variablelengthstring;",12781.603463800002,503.8331770678541,12781.835567499998,3.0759657000000002,0.1,2260380.0,395689265.0,2260380.0,0.0,24530.0
"set `compiler.optimize.groupby` 'true';use testopen2gb; select variablelengthstring, count(variablelengthstring) as count from testdefopen2gb group by testdefopen2gb.variablelengthstring;",12395.457626,411.15187047304414,12395.6979116,3.1209255000000002,0.0,2260380.0,395689265.0,2260380.0,0.0,24530.0
"use testopen2gb; select variablelengthstring, count(variablelengthstring) as count from testdefopen2gb /*+ hash */ group by testdefopen2gb.variablelengthstring;",23507.0194034,844.7465212995878,23507.2641169,3.012093,0.1,2260380.0,395689265.0,2260380.0,0.0,24530.0
"set `compiler.optimize.groupby` 'false';use testopen4gb; select ten, count(ten) as count from testdefopen4gb group by testdefopen4gb.ten;",2882.0239423999997,150.06120670308042,2882.2558087,3.0448805,0.0,10.0,360.0,4520789.0,0.0,49051.0
"set `compiler.optimize.groupby` 'true';use testopen4gb; select ten, count(ten) as count from testdefopen4gb group by testdefopen4gb.ten;",1692.1028947999998,23.364515535937578,1692.3309034,2.9550865,0.0,10.0,360.0,4520789.0,0.0,49051.0
"use testopen4gb; select ten, count(ten) as count from testdefopen4gb /*+ hash */ group by testdefopen4gb.ten;",1738.2139774,28.26707517554995,1738.4550342000002,2.8732941999999997,0.0,10.0,360.0,4520789.0,0.0,49051.0
"set `compiler.optimize.groupby` 'false';use testopen4gb; select tenkgroups, count(tenkgroups) as count from testdefopen4gb group by testdefopen4gb.tenkgroups;",2613.1201542,117.38003929597815,2613.353887,2.8559772000000008,0.1,10000.0,428890.0,4520789.0,0.0,49051.0
"set `compiler.optimize.groupby` 'true';use testopen4gb; select tenkgroups, count(tenkgroups) as count from testdefopen4gb group by testdefopen4gb.tenkgroups;",1789.2642184000001,32.436387374641846,1789.5017458999998,2.9203916999999997,0.0,10000.0,428890.0,4520789.0,0.0,49051.0
"use testopen4gb; select tenkgroups, count(tenkgroups) as count from testdefopen4gb /*+ hash */ group by testdefopen4gb.tenkgroups;",1876.9325943,27.43370779120346,1877.1709030999998,2.8238461999999998,0.0,10000.0,428890.0,4520789.0,0.0,49051.0
"set `compiler.optimize.groupby` 'false';use testopen4gb; select milliongroups, count(milliongroups) as count from testdefopen4gb group by testdefopen4gb.milliongroups;",5695.992869299999,222.15752482398466,5696.2424759,3.1249914,0.1,987226.0,45307987.0,4520789.0,0.0,49051.0
"set `compiler.optimize.groupby` 'true';use testopen4gb; select milliongroups, count(milliongroups) as count from testdefopen4gb group by testdefopen4gb.milliongroups;",4841.851550599999,172.52635101146763,4842.0987951,3.1051408,0.0,987226.0,45307987.0,4520789.0,0.0,49051.0
"use testopen4gb; select milliongroups, count(milliongroups) as count from testdefopen4gb /*+ hash */ group by testdefopen4gb.milliongroups;",5065.963009099999,106.6816600390477,5066.203143900001,2.7975393,0.0,987226.0,45307987.0,4520789.0,0.0,49051.0
"set `compiler.optimize.groupby` 'false';use testopen4gb; select similarstring, count(similarstring) as count from testdefopen4gb group by testdefopen4gb.similarstring;",6253.8215328999995,77.06494876931977,6254.0552394,2.8481560999999997,0.0,1.0,148.0,4520789.0,0.0,49051.0
"set `compiler.optimize.groupby` 'true';use testopen4gb; select similarstring, count(similarstring) as count from testdefopen4gb group by testdefopen4gb.similarstring;",1795.6613086999998,15.458518564528669,1795.9053903,2.9740666000000004,0.0,1.0,148.0,4520789.0,0.0,49051.0
"use testopen4gb; select similarstring, count(similarstring) as count from testdefopen4gb /*+ hash */ group by testdefopen4gb.similarstring;",2230.6608126,35.790030362693635,2230.8980664,2.8885270999999997,0.0,1.0,148.0,4520789.0,0.0,49051.0
"set `compiler.optimize.groupby` 'false';use testopen4gb; select similarsmallstring, count(similarsmallstring) as count from testdefopen4gb group by testdefopen4gb.similarsmallstring;",2836.8416435999998,74.12360987267992,2837.0810566,2.7472288000000007,0.0,1.0,63.0,4520789.0,0.0,49051.0
"set `compiler.optimize.groupby` 'true';use testopen4gb; select similarsmallstring, count(similarsmallstring) as count from testdefopen4gb group by testdefopen4gb.similarsmallstring;",1778.1370204000002,21.78106912869349,1778.3517857,2.7725788,0.0,1.0,63.0,4520789.0,0.0,49051.0
"use testopen4gb; select similarsmallstring, count(similarsmallstring) as count from testdefopen4gb /*+ hash */ group by testdefopen4gb.similarsmallstring;",1814.1976373000002,27.34279503937887,1814.4215749,2.7406379999999997,0.0,1.0,63.0,4520789.0,0.0,49051.0
"set `compiler.optimize.groupby` 'false';use testopen4gb; select normalsmallstring, count(normalsmallstring) as count from testdefopen4gb group by testdefopen4gb.normalsmallstring;",13111.364891,509.87341930485735,13111.582365900002,2.7798166,0.0,4515035.0,252841960.0,4520789.0,0.0,49051.0
"set `compiler.optimize.groupby` 'true';use testopen4gb; select normalsmallstring, count(normalsmallstring) as count from testdefopen4gb group by testdefopen4gb.normalsmallstring;",11511.5035138,304.78714284713504,11511.7295558,2.9295798,0.0,4515035.0,252841960.0,4520789.0,0.0,49051.0
"use testopen4gb; select normalsmallstring, count(normalsmallstring) as count from testdefopen4gb /*+ hash */ group by testdefopen4gb.normalsmallstring;",16027.842717799998,966.635327674411,16028.0722186,2.8594435,0.0,4515035.0,252841960.0,4520789.0,0.0,49051.0
"set `compiler.optimize.groupby` 'false';use testopen4gb; select variablelengthstring, count(variablelengthstring) as count from testdefopen4gb group by testdefopen4gb.variablelengthstring;",26092.1713429,797.1889324103537,26092.395763200002,2.8369929,0.1,4520789.0,791356748.0,4520789.0,0.0,49051.0
"set `compiler.optimize.groupby` 'true';use testopen4gb; select variablelengthstring, count(variablelengthstring) as count from testdefopen4gb group by testdefopen4gb.variablelengthstring;",24474.546561000003,993.1685851860861,24474.7211359,3.0133758,0.0,4520789.0,791356748.0,4520789.0,0.0,49051.0
"use testopen4gb; select variablelengthstring, count(variablelengthstring) as count from testdefopen4gb /*+ hash */ group by testdefopen4gb.variablelengthstring;",75164.52198690001,1168.0072212644736,75164.69885680001,2.7001794,0.0,4520789.0,791356748.0,4520789.0,0.0,49051.0
"set `compiler.optimize.groupby` 'false';use testopen8gb; select ten, count(ten) as count from testdefopen8gb group by testdefopen8gb.ten;",5759.2699532999995,156.8083586824517,5759.431371500001,2.7463988000000006,0.0,10.0,360.0,9041708.0,0.0,98091.0
"set `compiler.optimize.groupby` 'true';use testopen8gb; select ten, count(ten) as count from testdefopen8gb group by testdefopen8gb.ten;",3343.5821586000006,26.00889354913343,3343.7465985999997,2.7335236000000003,0.1,10.0,360.0,9041708.0,0.0,98091.0
"use testopen8gb; select ten, count(ten) as count from testdefopen8gb /*+ hash */ group by testdefopen8gb.ten;",3420.3245379,27.834092190645286,3420.5005714,2.6062046000000003,0.0,10.0,360.0,9041708.0,0.0,98091.0
"set `compiler.optimize.groupby` 'false';use testopen8gb; select tenkgroups, count(tenkgroups) as count from testdefopen8gb group by testdefopen8gb.tenkgroups;",5363.4147864,220.02811884759578,5363.5792341999995,2.6665334,0.1,10000.0,428890.0,9041708.0,0.0,98091.0
"set `compiler.optimize.groupby` 'true';use testopen8gb; select tenkgroups, count(tenkgroups) as count from testdefopen8gb group by testdefopen8gb.tenkgroups;",3490.2527947999997,33.23030010043115,3490.4154942,2.6864187,0.0,10000.0,428890.0,9041708.0,0.0,98091.0
"use testopen8gb; select tenkgroups, count(tenkgroups) as count from testdefopen8gb /*+ hash */ group by testdefopen8gb.tenkgroups;",3658.0374551,23.5616434336388,3658.2139985000003,2.6392528000000004,0.0,10000.0,428890.0,9041708.0,0.0,98091.0
"set `compiler.optimize.groupby` 'false';use testopen8gb; select milliongroups, count(milliongroups) as count from testdefopen8gb group by testdefopen8gb.milliongroups;",9309.318091699999,243.75350948589576,9309.4910796,2.7933678,0.1,999910.0,46401299.0,9041708.0,0.0,98091.0
"set `compiler.optimize.groupby` 'true';use testopen8gb; select milliongroups, count(milliongroups) as count from testdefopen8gb group by testdefopen8gb.milliongroups;",8484.5755503,381.94222481180935,8484.741476600002,2.6721589999999997,0.0,999910.0,46401299.0,9041708.0,0.0,98091.0
"use testopen8gb; select milliongroups, count(milliongroups) as count from testdefopen8gb /*+ hash */ group by testdefopen8gb.milliongroups;",10089.868787300002,106.4436832649861,10090.0449319,2.5717072,0.1,999910.0,46401299.0,9041708.0,0.0,98091.0
"set `compiler.optimize.groupby` 'false';use testopen8gb; select similarstring, count(similarstring) as count from testdefopen8gb group by testdefopen8gb.similarstring;",12391.7139527,196.48907763293138,12391.8785379,2.6142363,0.0,1.0,148.0,9041708.0,0.0,98091.0
"set `compiler.optimize.groupby` 'true';use testopen8gb; select similarstring, count(similarstring) as count from testdefopen8gb group by testdefopen8gb.similarstring;",3525.7428451,28.3885343921513,3525.9075887999998,2.6474162,0.1,1.0,148.0,9041708.0,0.0,98091.0
"use testopen8gb; select similarstring, count(similarstring) as count from testdefopen8gb /*+ hash */ group by testdefopen8gb.similarstring;",4382.515270000001,54.414930941244286,4382.6908763,2.5837817,0.1,1.0,148.0,9041708.0,0.0,98091.0
"set `compiler.optimize.groupby` 'false';use testopen8gb; select similarsmallstring, count(similarsmallstring) as count from testdefopen8gb group by testdefopen8gb.similarsmallstring;",5560.377716399999,171.48461016095976,5560.5456158,2.6719147,0.1,1.0,63.0,9041708.0,0.0,98091.0
"set `compiler.optimize.groupby` 'true';use testopen8gb; select similarsmallstring, count(similarsmallstring) as count from testdefopen8gb group by testdefopen8gb.similarsmallstring;",3493.7946782,33.584860446390955,3493.9548588,2.614612,0.0,1.0,63.0,9041708.0,0.0,98091.0
"use testopen8gb; select similarsmallstring, count(similarsmallstring) as count from testdefopen8gb /*+ hash */ group by testdefopen8gb.similarsmallstring;",3587.6359070999997,43.63145093407964,3587.8079195,2.5667764,0.0,1.0,63.0,9041708.0,0.0,98091.0
"set `compiler.optimize.groupby` 'false';use testopen8gb; select normalsmallstring, count(normalsmallstring) as count from testdefopen8gb group by testdefopen8gb.normalsmallstring;",25719.385839599996,636.2788966679998,25719.547928600005,2.5914634,0.0,9031449.0,505761144.0,9041708.0,0.0,98091.0
"set `compiler.optimize.groupby` 'true';use testopen8gb; select normalsmallstring, count(normalsmallstring) as count from testdefopen8gb group by testdefopen8gb.normalsmallstring;",22490.0626349,664.5672974942028,22490.227535699996,2.6287392,0.0,9031449.0,505761144.0,9041708.0,0.0,98091.0
"use testopen8gb; select normalsmallstring, count(normalsmallstring) as count from testdefopen8gb /*+ hash */ group by testdefopen8gb.normalsmallstring;",44175.283986400005,965.5851679931886,44175.45620569999,2.6136212999999997,0.0,9031449.0,505761144.0,9041708.0,0.0,98091.0
"set `compiler.optimize.groupby` 'false';use testopen8gb; select variablelengthstring, count(variablelengthstring) as count from testdefopen8gb group by testdefopen8gb.variablelengthstring;",52468.934628400006,2636.4325980458448,52469.0963982,2.6349774000000004,0.0,9041708.0,1582611736.0,9041708.0,0.0,98091.0
"set `compiler.optimize.groupby` 'true';use testopen8gb; select variablelengthstring, count(variablelengthstring) as count from testdefopen8gb group by testdefopen8gb.variablelengthstring;",47883.0508847,1868.8687170231412,47883.2119678,2.5702875,0.0,9041708.0,1582611736.0,9041708.0,0.0,98091.0
"use testopen8gb; select variablelengthstring, count(variablelengthstring) as count from testdefopen8gb /*+ hash */ group by testdefopen8gb.variablelengthstring;",138764.0494249,1697.148963619149,138764.2186958,2.5323563000000004,0.1,9041708.0,1582611736.0,9041708.0,0.0,98091.0
"set `compiler.optimize.groupby` 'false';use testopen16gb; select ten, count(ten) as count from testdefopen16gb group by testdefopen16gb.ten;",9797.6748085,93.62466710905719,9797.8363412,2.6694234999999997,0.0,10.0,370.0,18083796.0,0.0,196172.0
"set `compiler.optimize.groupby` 'true';use testopen16gb; select ten, count(ten) as count from testdefopen16gb group by testdefopen16gb.ten;",6610.8324297,47.19645380261021,6610.994231,2.6466957,0.0,10.0,370.0,18083796.0,0.0,196172.0
"use testopen16gb; select ten, count(ten) as count from testdefopen16gb /*+ hash */ group by testdefopen16gb.ten;",6727.559172700001,39.289911775746276,6727.724804400001,2.5401961,0.0,10.0,370.0,18083796.0,0.0,196172.0
"set `compiler.optimize.groupby` 'false';use testopen16gb; select tenkgroups, count(tenkgroups) as count from testdefopen16gb group by testdefopen16gb.tenkgroups;",10294.4143128,461.0817113007102,10294.5796371,2.6630293,0.0,10000.0,438890.0,18083796.0,0.0,196172.0
"set `compiler.optimize.groupby` 'true';use testopen16gb; select tenkgroups, count(tenkgroups) as count from testdefopen16gb group by testdefopen16gb.tenkgroups;",6837.5685115999995,33.943867843325854,6837.725807100001,2.5742948999999995,0.1,10000.0,438890.0,18083796.0,0.0,196172.0
"use testopen16gb; select tenkgroups, count(tenkgroups) as count from testdefopen16gb /*+ hash */ group by testdefopen16gb.tenkgroups;",7261.5219931,51.80962173835442,7261.690531799999,2.5252605000000004,0.0,10000.0,438890.0,18083796.0,0.0,196172.0
"set `compiler.optimize.groupby` 'false';use testopen16gb; select milliongroups, count(milliongroups) as count from testdefopen16gb group by testdefopen16gb.milliongroups;",15925.113006299998,565.0058373869422,15925.269141,2.5727014,0.0,1000000.0,46717516.0,18083796.0,0.0,196172.0
"set `compiler.optimize.groupby` 'true';use testopen16gb; select milliongroups, count(milliongroups) as count from testdefopen16gb group by testdefopen16gb.milliongroups;",13986.9854247,577.2328075303761,13987.1395184,2.6474670999999996,0.1,1000000.0,46717516.0,18083796.0,0.0,196172.0
"use testopen16gb; select milliongroups, count(milliongroups) as count from testdefopen16gb /*+ hash */ group by testdefopen16gb.milliongroups;",19967.839994899998,91.56153309588785,19968.012344500003,2.6686004,0.0,1000000.0,46717516.0,18083796.0,0.0,196172.0
"set `compiler.optimize.groupby` 'false';use testopen16gb; select similarstring, count(similarstring) as count from testdefopen16gb group by testdefopen16gb.similarstring;",24833.225899999998,408.53108823670965,24833.381065700003,2.5226318,0.1,1.0,149.0,18083796.0,0.0,196172.0
"set `compiler.optimize.groupby` 'true';use testopen16gb; select similarstring, count(similarstring) as count from testdefopen16gb group by testdefopen16gb.similarstring;",7003.503140700001,38.51998329008123,7003.6561145999995,2.5398571,0.0,1.0,149.0,18083796.0,0.0,196172.0
"use testopen16gb; select similarstring, count(similarstring) as count from testdefopen16gb /*+ hash */ group by testdefopen16gb.similarstring;",8680.0268064,56.483531015684555,8680.1908921,2.5083203999999997,0.0,1.0,149.0,18083796.0,0.0,196172.0
"set `compiler.optimize.groupby` 'false';use testopen16gb; select similarsmallstring, count(similarsmallstring) as count from testdefopen16gb group by testdefopen16gb.similarsmallstring;",10643.287996300001,268.383064235483,10643.447559600001,2.5608693,0.0,1.0,64.0,18083796.0,0.0,196172.0
"set `compiler.optimize.groupby` 'true';use testopen16gb; select similarsmallstring, count(similarsmallstring) as count from testdefopen16gb group by testdefopen16gb.similarsmallstring;",6911.8313421,31.270276379854902,6911.9879757,2.5445085,0.1,1.0,64.0,18083796.0,0.0,196172.0
"use testopen16gb; select similarsmallstring, count(similarsmallstring) as count from testdefopen16gb /*+ hash */ group by testdefopen16gb.similarsmallstring;",7092.055613900001,28.276398503589917,7092.2203721,2.4992167999999997,0.1,1.0,64.0,18083796.0,0.0,196172.0
"set `compiler.optimize.groupby` 'false';use testopen16gb; select normalsmallstring, count(normalsmallstring) as count from testdefopen16gb group by testdefopen16gb.normalsmallstring;",51897.16902439999,1015.241079317469,51897.330992699994,2.554431,0.0,18060883.0,1011409448.0,18083796.0,0.0,196172.0
"set `compiler.optimize.groupby` 'true';use testopen16gb; select normalsmallstring, count(normalsmallstring) as count from testdefopen16gb group by testdefopen16gb.normalsmallstring;",45918.2957657,1163.6759413329316,45918.4535476,2.6290191,0.0,18060883.0,1011409448.0,18083796.0,0.0,196172.0
"use testopen16gb; select normalsmallstring, count(normalsmallstring) as count from testdefopen16gb /*+ hash */ group by testdefopen16gb.normalsmallstring;",117742.19714810001,2233.0687638328814,117742.38273479999,3.0021562999999998,0.0,18060883.0,1011409448.0,18083796.0,0.0,196172.0
"set `compiler.optimize.groupby` 'false';use testopen16gb; select variablelengthstring, count(variablelengthstring) as count from testdefopen16gb group by testdefopen16gb.variablelengthstring;",102247.4958972,2573.173953308365,102247.6502986,2.5528015,0.0,18083796.0,3164927532.0,18083796.0,0.0,196172.0
"set `compiler.optimize.groupby` 'true';use testopen16gb; select variablelengthstring, count(variablelengthstring) as count from testdefopen16gb group by testdefopen16gb.variablelengthstring;",102947.8216006,2924.0430340686125,102947.976762,2.6357131,0.1,18083796.0,3164927532.0,18083796.0,0.0,196172.0
"use testopen16gb; select variablelengthstring, count(variablelengthstring) as count from testdefopen16gb /*+ hash */ group by testdefopen16gb.variablelengthstring;",274312.2971537,4237.280770283853,274312.4570333,2.5114814999999995,0.0,18083796.0,3164927532.0,18083796.0,0.0,196172.0
"set `compiler.optimize.groupby` 'false';use testopen32gb; select ten, count(ten) as count from testdefopen32gb group by testdefopen32gb.ten;",19523.587643,77.89708708287964,19523.7653757,3.4459305999999996,0.0,10.0,370.0,36168131.0,0.0,392342.0
"set `compiler.optimize.groupby` 'true';use testopen32gb; select ten, count(ten) as count from testdefopen32gb group by testdefopen32gb.ten;",13093.0780939,68.17012262202357,13093.2340664,2.6977585,0.1,10.0,370.0,36168131.0,0.0,392342.0
"use testopen32gb; select ten, count(ten) as count from testdefopen32gb /*+ hash */ group by testdefopen32gb.ten;",13394.141383499998,40.201717173006,13394.30356,2.5468563,0.0,10.0,370.0,36168131.0,0.0,392342.0
"set `compiler.optimize.groupby` 'false';use testopen32gb; select tenkgroups, count(tenkgroups) as count from testdefopen32gb group by testdefopen32gb.tenkgroups;",18842.3897143,103.4091695631742,18842.545575,2.5991835,0.0,10000.0,438890.0,36168131.0,0.0,392342.0
"set `compiler.optimize.groupby` 'true';use testopen32gb; select tenkgroups, count(tenkgroups) as count from testdefopen32gb group by testdefopen32gb.tenkgroups;",13605.4423924,48.85466808427491,13605.593167299998,2.5933701000000005,0.0,10000.0,438890.0,36168131.0,0.0,392342.0
"use testopen32gb; select tenkgroups, count(tenkgroups) as count from testdefopen32gb /*+ hash */ group by testdefopen32gb.tenkgroups;",14331.495695400003,51.4635560171899,14331.658352400002,2.478602,0.0,10000.0,438890.0,36168131.0,0.0,392342.0
"set `compiler.optimize.groupby` 'false';use testopen32gb; select milliongroups, count(milliongroups) as count from testdefopen32gb group by testdefopen32gb.milliongroups;",28219.114628500003,1026.7676547393053,28219.264128500003,2.6496170999999995,0.1,1000000.0,46888532.0,36168131.0,0.0,392342.0
"set `compiler.optimize.groupby` 'true';use testopen32gb; select milliongroups, count(milliongroups) as count from testdefopen32gb group by testdefopen32gb.milliongroups;",28046.4154445,760.8931320509316,28046.566356300005,2.5259226,0.1,1000000.0,46888532.0,36168131.0,0.0,392342.0
"use testopen32gb; select milliongroups, count(milliongroups) as count from testdefopen32gb /*+ hash */ group by testdefopen32gb.milliongroups;",39820.208227999996,246.18584633409645,39820.361419600005,2.5487096,0.0,1000000.0,46888532.0,36168131.0,0.0,392342.0
"set `compiler.optimize.groupby` 'false';use testopen32gb; select similarstring, count(similarstring) as count from testdefopen32gb group by testdefopen32gb.similarstring;",49401.4633764,784.0953417277453,49401.61570750001,2.5978286,0.0,1.0,149.0,36168131.0,0.0,392342.0
"set `compiler.optimize.groupby` 'true';use testopen32gb; select similarstring, count(similarstring) as count from testdefopen32gb group by testdefopen32gb.similarstring;",13957.7048877,52.39051363882459,13957.8567923,2.5477026,0.0,1.0,149.0,36168131.0,0.0,392342.0
"use testopen32gb; select similarstring, count(similarstring) as count from testdefopen32gb /*+ hash */ group by testdefopen32gb.similarstring;",17263.6365621,95.72242686637759,17263.7867638,2.4816672,0.0,1.0,149.0,36168131.0,0.0,392342.0
"set `compiler.optimize.groupby` 'false';use testopen32gb; select similarsmallstring, count(similarsmallstring) as count from testdefopen32gb group by testdefopen32gb.similarsmallstring;",21427.381941,656.7621278863496,21427.5336193,2.5528023,0.0,1.0,64.0,36168131.0,0.0,392342.0
"set `compiler.optimize.groupby` 'true';use testopen32gb; select similarsmallstring, count(similarsmallstring) as count from testdefopen32gb group by testdefopen32gb.similarsmallstring;",13803.7564505,52.37954699836118,13803.9100057,2.5198134000000003,0.0,1.0,64.0,36168131.0,0.0,392342.0
"use testopen32gb; select similarsmallstring, count(similarsmallstring) as count from testdefopen32gb /*+ hash */ group by testdefopen32gb.similarsmallstring;",14085.126364799999,66.17071967289898,14085.277335499999,2.4858445000000002,0.0,1.0,64.0,36168131.0,0.0,392342.0
"set `compiler.optimize.groupby` 'false';use testopen32gb; select normalsmallstring, count(normalsmallstring) as count from testdefopen32gb group by testdefopen32gb.normalsmallstring;",103580.442047,3481.534766241256,103580.5920407,2.5532491,0.2,36114551.0,2022414856.0,36168131.0,0.0,392342.0
"set `compiler.optimize.groupby` 'true';use testopen32gb; select normalsmallstring, count(normalsmallstring) as count from testdefopen32gb group by testdefopen32gb.normalsmallstring;",91694.52589589999,1851.8824314016765,91694.6765955,2.6201076999999997,0.0,36114551.0,2022414856.0,36168131.0,0.0,392342.0
"use testopen32gb; select normalsmallstring, count(normalsmallstring) as count from testdefopen32gb /*+ hash */ group by testdefopen32gb.normalsmallstring;",225079.19800940002,1612.0488142769245,225079.35619529997,2.5418212000000002,0.0,36114551.0,2022414856.0,36168131.0,0.0,392342.0
"set `compiler.optimize.groupby` 'false';use testopen32gb; select variablelengthstring, count(variablelengthstring) as count from testdefopen32gb group by testdefopen32gb.variablelengthstring;",211508.4455918,6883.551373536903,211508.76265500003,6.250870600000001,0.0,36168131.0,6329437411.0,36168131.0,0.0,392342.0
"set `compiler.optimize.groupby` 'true';use testopen32gb; select variablelengthstring, count(variablelengthstring) as count from testdefopen32gb group by testdefopen32gb.variablelengthstring;",203820.1489209,3838.1949327111793,203820.45493039998,6.4189785,0.0,36168131.0,6329437411.0,36168131.0,0.0,392342.0
"use testopen32gb; select variablelengthstring, count(variablelengthstring) as count from testdefopen32gb /*+ hash */ group by testdefopen32gb.variablelengthstring;",535590.7184766,7059.687132342945,535591.0268072999,6.022098300000001,0.0,36168131.0,6329437411.0,36168131.0,0.0,392342.0
"set `compiler.optimize.groupby` 'false';use testopen2gb; select hundred, count(hundred) as count from testdefopen2gb group by testdefopen2gb.hundred;",1386.4683303,93.12987114757419,1386.7415573,5.1486465,0.1,100.0,3990.0,2260380.0,0.0,24530.0
"set `compiler.optimize.groupby` 'true';use testopen2gb; select hundred, count(hundred) as count from testdefopen2gb group by testdefopen2gb.hundred;",865.5484956,10.644442091160384,865.8386511000001,5.810515099999999,0.2,100.0,3990.0,2260380.0,0.0,24530.0
"use testopen2gb; select hundred, count(hundred) as count from testdefopen2gb /*+ hash */ group by testdefopen2gb.hundred;",907.6277125,19.724588288999843,907.9106334,5.341922,0.1,100.0,3990.0,2260380.0,0.0,24530.0
"set `compiler.optimize.groupby` 'false';use testopen2gb; select kgroups, count(kgroups) as count from testdefopen2gb group by testdefopen2gb.kgroups;",1391.6574441,23.715221282490166,1391.915483,5.0902408999999995,0.1,1000.0,39890.0,2260380.0,0.0,24530.0
"set `compiler.optimize.groupby` 'true';use testopen2gb; select kgroups, count(kgroups) as count from testdefopen2gb group by testdefopen2gb.kgroups;",874.523227,17.995097875901134,874.7875577000001,5.3992543,0.1,1000.0,39890.0,2260380.0,0.0,24530.0
"use testopen2gb; select kgroups, count(kgroups) as count from testdefopen2gb /*+ hash */ group by testdefopen2gb.kgroups;",908.5081199,21.758808589055306,908.7922635000001,5.405609499999999,0.0,1000.0,39890.0,2260380.0,0.0,24530.0
"set `compiler.optimize.groupby` 'false';use testopen2gb; select hundredkgroups, count(hundredkgroups) as count from testdefopen2gb group by testdefopen2gb.hundredkgroups;",1707.8469813000004,65.14865654431433,1708.1385665999999,6.208567700000001,0.0,100000.0,4688890.0,2260380.0,0.0,24530.0
"set `compiler.optimize.groupby` 'true';use testopen2gb; select hundredkgroups, count(hundredkgroups) as count from testdefopen2gb group by testdefopen2gb.hundredkgroups;",1252.8588042,21.137843790413072,1253.1400686,5.615603,0.0,100000.0,4688890.0,2260380.0,0.0,24530.0
"use testopen2gb; select hundredkgroups, count(hundredkgroups) as count from testdefopen2gb /*+ hash */ group by testdefopen2gb.hundredkgroups;",1227.9410275,19.80471238379225,1228.2257499,5.6562668,0.0,100000.0,4688890.0,2260380.0,0.0,24530.0
"set `compiler.optimize.groupby` 'false';use testopen4gb; select hundred, count(hundred) as count from testdefopen4gb group by testdefopen4gb.hundred;",3004.2357748000004,162.31996363922391,3004.5115118,5.5906936,0.1,100.0,3990.0,4520789.0,0.0,49051.0
"set `compiler.optimize.groupby` 'true';use testopen4gb; select hundred, count(hundred) as count from testdefopen4gb group by testdefopen4gb.hundred;",1699.613269,18.545826471150676,1699.9000337999998,5.9886715,0.0,100.0,3990.0,4520789.0,0.0,49051.0
"use testopen4gb; select hundred, count(hundred) as count from testdefopen4gb /*+ hash */ group by testdefopen4gb.hundred;",1762.5933597000003,27.310923253022818,1762.8527927999999,4.8781308,0.0,100.0,3990.0,4520789.0,0.0,49051.0
"set `compiler.optimize.groupby` 'false';use testopen16gb; select hundred, count(hundred) as count from testdefopen16gb group by testdefopen16gb.hundred;",10845.135119499999,715.7191655690405,10845.404731999999,5.6004421,0.0,100.0,4090.0,18083796.0,0.0,196172.0
"set `compiler.optimize.groupby` 'true';use testopen16gb; select hundred, count(hundred) as count from testdefopen16gb group by testdefopen16gb.hundred;",6677.181978999999,31.42543118661888,6677.4567320999995,5.408827800000001,0.0,100.0,4090.0,18083796.0,0.0,196172.0
"use testopen16gb; select hundred, count(hundred) as count from testdefopen16gb /*+ hash */ group by testdefopen16gb.hundred;",6811.8524928,44.081379199824774,6812.1002324,4.5953384999999995,0.0,100.0,4090.0,18083796.0,0.0,196172.0
"set `compiler.optimize.groupby` 'false';use testopen16gb; select kgroups, count(kgroups) as count from testdefopen16gb group by testdefopen16gb.kgroups;",11744.0879719,681.3369140662973,11744.3699848,5.8790564000000005,0.0,1000.0,40890.0,18083796.0,0.0,196172.0
"set `compiler.optimize.groupby` 'true';use testopen16gb; select kgroups, count(kgroups) as count from testdefopen16gb group by testdefopen16gb.kgroups;",6700.6327771,43.63450585556097,6700.912573500001,5.6381387,0.1,1000.0,40890.0,18083796.0,0.0,196172.0
"use testopen16gb; select kgroups, count(kgroups) as count from testdefopen16gb /*+ hash */ group by testdefopen16gb.kgroups;",6880.0446675,53.34030205822088,6880.2864879,4.4663047,0.2,1000.0,40890.0,18083796.0,0.0,196172.0
"set `compiler.optimize.groupby` 'false';use testopen16gb; select hundredkgroups, count(hundredkgroups) as count from testdefopen16gb group by testdefopen16gb.hundredkgroups;",12506.122898500002,699.321209597518,12506.388106200002,5.2715166,0.0,100000.0,4788890.0,18083796.0,0.0,196172.0
"set `compiler.optimize.groupby` 'true';use testopen16gb; select hundredkgroups, count(hundredkgroups) as count from testdefopen16gb group by testdefopen16gb.hundredkgroups;",7616.5688785,32.21461223701757,7616.866130500001,6.1241477,0.1,100000.0,4788890.0,18083796.0,0.0,196172.0
"use testopen16gb; select hundredkgroups, count(hundredkgroups) as count from testdefopen16gb /*+ hash */ group by testdefopen16gb.hundredkgroups;",8147.6721772,47.570950430543014,8147.941643200002,5.1256992,0.0,100000.0,4788890.0,18083796.0,0.0,196172.0
"set `compiler.optimize.groupby` 'false';use testopen32gb; select hundred, count(hundred) as count from testdefopen32gb group by testdefopen32gb.hundred;",22289.3787064,1114.060251936658,22289.625664699997,4.7743522,0.0,100.0,4090.0,36168131.0,0.0,392342.0
"set `compiler.optimize.groupby` 'true';use testopen32gb; select hundred, count(hundred) as count from testdefopen32gb group by testdefopen32gb.hundred;",13276.7888174,59.197615739110056,13277.0499438,4.7038847,0.1,100.0,4090.0,36168131.0,0.0,392342.0
"use testopen32gb; select hundred, count(hundred) as count from testdefopen32gb /*+ hash */ group by testdefopen32gb.hundred;",13562.639554600002,30.545478488947335,13562.8699948,4.2775333,0.0,100.0,4090.0,36168131.0,0.0,392342.0
"set `compiler.optimize.groupby` 'false';use testopen32gb; select kgroups, count(kgroups) as count from testdefopen32gb group by testdefopen32gb.kgroups;",22028.590447399998,824.7620563647404,22028.8103776,4.2209955,0.1,1000.0,40890.0,36168131.0,0.0,392342.0
"set `compiler.optimize.groupby` 'true';use testopen32gb; select kgroups, count(kgroups) as count from testdefopen32gb group by testdefopen32gb.kgroups;",13363.3035312,43.906560033556964,13363.528371700002,4.2574843,0.0,1000.0,40890.0,36168131.0,0.0,392342.0
"use testopen32gb; select kgroups, count(kgroups) as count from testdefopen32gb /*+ hash */ group by testdefopen32gb.kgroups;",13673.897881099998,71.35522680213721,13674.1825174,5.337256699999999,0.0,1000.0,40890.0,36168131.0,0.0,392342.0
"set `compiler.optimize.groupby` 'false';use testopen32gb; select hundredkgroups, count(hundredkgroups) as count from testdefopen32gb group by testdefopen32gb.hundredkgroups;",24092.0839447,1280.612073446148,24092.327253599997,4.7149787000000005,0.1,100000.0,4788890.0,36168131.0,0.0,392342.0
"set `compiler.optimize.groupby` 'true';use testopen32gb; select hundredkgroups, count(hundredkgroups) as count from testdefopen32gb group by testdefopen32gb.hundredkgroups;",14818.9462197,49.6365614647696,14819.1886644,4.8550278,0.1,100000.0,4788890.0,36168131.0,0.0,392342.0
"use testopen32gb; select hundredkgroups, count(hundredkgroups) as count from testdefopen32gb /*+ hash */ group by testdefopen32gb.hundredkgroups;",16047.310412099998,70.81052732069566,16047.589244599998,5.622747599999999,0.0,100000.0,4788890.0,36168131.0,0.0,392342.0
"set `compiler.optimize.groupby` 'false';use testopen4gb; select kgroups, count(kgroups) as count from testdefopen4gb group by testdefopen4gb.kgroups;",2677.0051677,33.75110343846323,2677.2911279,6.059492499999999,0.0,1000.0,39890.0,4520789.0,0.0,49051.0
"set `compiler.optimize.groupby` 'true';use testopen4gb; select kgroups, count(kgroups) as count from testdefopen4gb group by testdefopen4gb.kgroups;",1691.934332,16.996508339977517,1692.1471137,3.9418087,0.0,1000.0,39890.0,4520789.0,0.0,49051.0
"use testopen4gb; select kgroups, count(kgroups) as count from testdefopen4gb /*+ hash */ group by testdefopen4gb.kgroups;",1776.7614795999998,34.72706507604477,1776.9886163000003,4.3030941,0.1,1000.0,39890.0,4520789.0,0.0,49051.0
"set `compiler.optimize.groupby` 'false';use testopen4gb; select hundredkgroups, count(hundredkgroups) as count from testdefopen4gb group by testdefopen4gb.hundredkgroups;",3375.6065985,176.75675302420407,3375.9976715,4.89368,0.0,100000.0,4688890.0,4520789.0,0.0,49051.0
"set `compiler.optimize.groupby` 'true';use testopen4gb; select hundredkgroups, count(hundredkgroups) as count from testdefopen4gb group by testdefopen4gb.hundredkgroups;",2171.3222581,35.21502823653505,2171.5681947000003,4.911527699999999,0.2,100000.0,4688890.0,4520789.0,0.0,49051.0
"use testopen4gb; select hundredkgroups, count(hundredkgroups) as count from testdefopen4gb /*+ hash */ group by testdefopen4gb.hundredkgroups;",2222.2041678,23.506000924079224,2222.4441538999995,4.6750832,0.4,100000.0,4688890.0,4520789.0,0.0,49051.0
"set `compiler.optimize.groupby` 'false';use testopen8gb; select hundred, count(hundred) as count from testdefopen8gb group by testdefopen8gb.hundred;",5499.4530949,324.92029950348814,5499.690799999999,4.7943754,0.0,100.0,3990.0,9041708.0,0.0,98091.0
"set `compiler.optimize.groupby` 'true';use testopen8gb; select hundred, count(hundred) as count from testdefopen8gb group by testdefopen8gb.hundred;",3345.196867,35.335006579992545,3345.3843126,3.2377299,0.0,100.0,3990.0,9041708.0,0.0,98091.0
"use testopen8gb; select hundred, count(hundred) as count from testdefopen8gb /*+ hash */ group by testdefopen8gb.hundred;",3435.665709,47.751342965640184,3435.8865888,4.1192269999999995,0.1,100.0,3990.0,9041708.0,0.0,98091.0
"set `compiler.optimize.groupby` 'false';use testopen8gb; select kgroups, count(kgroups) as count from testdefopen8gb group by testdefopen8gb.kgroups;",5690.2332898,284.96354862921186,5690.4798193999995,4.788748699999999,0.2,1000.0,39890.0,9041708.0,0.0,98091.0
"set `compiler.optimize.groupby` 'true';use testopen8gb; select kgroups, count(kgroups) as count from testdefopen8gb group by testdefopen8gb.kgroups;",3374.4235519000003,39.23471163946904,3374.6545534999996,4.293623999999999,0.1,1000.0,39890.0,9041708.0,0.0,98091.0
"use testopen8gb; select kgroups, count(kgroups) as count from testdefopen8gb /*+ hash */ group by testdefopen8gb.kgroups;",3459.4092033999996,20.850927102829463,3459.6501229999994,4.5097944,0.1,1000.0,39890.0,9041708.0,0.0,98091.0
"set `compiler.optimize.groupby` 'false';use testopen8gb; select hundredkgroups, count(hundredkgroups) as count from testdefopen8gb group by testdefopen8gb.hundredkgroups;",6400.731268699999,257.34478383569933,6401.0151139,5.7962315,0.0,100000.0,4690941.0,9041708.0,0.0,98091.0
"set `compiler.optimize.groupby` 'true';use testopen8gb; select hundredkgroups, count(hundredkgroups) as count from testdefopen8gb group by testdefopen8gb.hundredkgroups;",3991.3632088999993,30.084352623878406,3991.5880833,4.3684946,0.0,100000.0,4690941.0,9041708.0,0.0,98091.0
"use testopen8gb; select hundredkgroups, count(hundredkgroups) as count from testdefopen8gb /*+ hash */ group by testdefopen8gb.hundredkgroups;",4221.0455429,41.232445045076496,4221.2609308,4.228265500000001,0.1,100000.0,4690941.0,9041708.0,0.0,98091.0
"set `compiler.optimize.groupby` 'false';use testopen64gb; select ten, count(ten) as count from testdefopen64gb group by testdefopen64gb.ten;",39797.363442400005,1166.7611233852554,39797.617014100004,5.1267753,0.0,10.0,370.0,72335919.0,0.0,784673.0
"set `compiler.optimize.groupby` 'true';use testopen64gb; select ten, count(ten) as count from testdefopen64gb group by testdefopen64gb.ten;",27505.5785973,154.06264286651546,27505.863758400003,5.6777881,0.0,10.0,370.0,72335919.0,0.0,784673.0
"use testopen64gb; select ten, count(ten) as count from testdefopen64gb /*+ hash */ group by testdefopen64gb.ten;",27972.3411905,213.5271044249659,27972.614642,5.2902912,0.2,10.0,370.0,72335919.0,0.0,784673.0
"set `compiler.optimize.groupby` 'false';use testopen64gb; select tenkgroups, count(tenkgroups) as count from testdefopen64gb group by testdefopen64gb.tenkgroups;",39678.5898994,1011.1904503249696,39678.857997800005,5.8277509,0.0,10000.0,438890.0,72335919.0,0.0,784673.0
"set `compiler.optimize.groupby` 'true';use testopen64gb; select tenkgroups, count(tenkgroups) as count from testdefopen64gb group by testdefopen64gb.tenkgroups;",28676.0882796,197.76002944132102,28676.341877599996,5.301024699999999,0.0,10000.0,438890.0,72335919.0,0.0,784673.0
"use testopen64gb; select tenkgroups, count(tenkgroups) as count from testdefopen64gb /*+ hash */ group by testdefopen64gb.tenkgroups;",30198.168021799996,296.7267480136915,30198.4146282,4.7892231,0.0,10000.0,438890.0,72335919.0,0.0,784673.0
"set `compiler.optimize.groupby` 'false';use testopen64gb; select milliongroups, count(milliongroups) as count from testdefopen64gb group by testdefopen64gb.milliongroups;",54952.6119649,1273.6638626039917,54952.8842371,5.8855018,0.1,1000000.0,46905004.0,72335919.0,0.0,784673.0
"set `compiler.optimize.groupby` 'true';use testopen64gb; select milliongroups, count(milliongroups) as count from testdefopen64gb group by testdefopen64gb.milliongroups;",57650.991044999995,565.7171772377618,57651.25854000001,5.712567999999999,0.0,1000000.0,46905004.0,72335919.0,0.0,784673.0
"use testopen64gb; select milliongroups, count(milliongroups) as count from testdefopen64gb /*+ hash */ group by testdefopen64gb.milliongroups;",77507.1345513,508.2121662908996,77507.4076879,5.6513961,0.1,1000000.0,46905004.0,72335919.0,0.0,784673.0
"set `compiler.optimize.groupby` 'false';use testopen64gb; select similarstring, count(similarstring) as count from testdefopen64gb group by testdefopen64gb.similarstring;",97089.90122490001,1034.433948766836,97090.1645662,5.797202499999999,0.2,1.0,149.0,72335919.0,0.0,784673.0
"set `compiler.optimize.groupby` 'true';use testopen64gb; select similarstring, count(similarstring) as count from testdefopen64gb group by testdefopen64gb.similarstring;",27798.2052402,148.74426260823483,27798.460172400002,5.248555999999999,0.1,1.0,149.0,72335919.0,0.0,784673.0
"use testopen64gb; select similarstring, count(similarstring) as count from testdefopen64gb /*+ hash */ group by testdefopen64gb.similarstring;",34454.0601928,90.71796722792536,34454.335033,5.8178673000000005,0.2,1.0,149.0,72335919.0,0.0,784673.0
"set `compiler.optimize.groupby` 'false';use testopen64gb; select similarsmallstring, count(similarsmallstring) as count from testdefopen64gb group by testdefopen64gb.similarsmallstring;",42785.7203993,1193.4182588591736,42785.978961400004,5.4761839,0.0,1.0,64.0,72335919.0,0.0,784673.0
"set `compiler.optimize.groupby` 'true';use testopen64gb; select similarsmallstring, count(similarsmallstring) as count from testdefopen64gb group by testdefopen64gb.similarsmallstring;",27465.3066605,82.60448990352171,27465.532398499996,4.5726493999999995,0.1,1.0,64.0,72335919.0,0.0,784673.0
"use testopen64gb; select similarsmallstring, count(similarsmallstring) as count from testdefopen64gb /*+ hash */ group by testdefopen64gb.similarsmallstring;",28036.6715103,69.5620127233103,28036.950024699996,5.4255053,0.0,1.0,64.0,72335919.0,0.0,784673.0
"set `compiler.optimize.groupby` 'false';use testopen64gb; select normalsmallstring, count(normalsmallstring) as count from testdefopen64gb group by testdefopen64gb.normalsmallstring;",207528.80898899998,5662.198607236804,207529.0930808,6.5648721,0.1,72130717.0,4039320152.0,72335919.0,0.0,784673.0
"set `compiler.optimize.groupby` 'true';use testopen64gb; select normalsmallstring, count(normalsmallstring) as count from testdefopen64gb group by testdefopen64gb.normalsmallstring;",183339.21713199996,2725.0857416851145,183339.50046090002,6.270848599999999,0.0,72130717.0,4039320152.0,72335919.0,0.0,784673.0
"use testopen64gb; select normalsmallstring, count(normalsmallstring) as count from testdefopen64gb /*+ hash */ group by testdefopen64gb.normalsmallstring;",401577.824798,4768.287671759656,401578.1272915,5.9471948999999995,0.0,72130717.0,4039320152.0,72335919.0,0.0,784673.0
"set `compiler.optimize.groupby` 'false';use testopen2gb; select unique3, count(unique3) as count from testdefopen2gb group by unique3;",4957.7280421000005,246.15841763609856,4958.032929200001,7.552170800000001,0.2,2260380.0,96945357.0,2260380.0,0.0,24530.0
"set `compiler.optimize.groupby` 'true';use testopen2gb; select unique3, count(unique3) as count from testdefopen2gb group by unique3;",4724.2678236,72.39508639770669,4724.5323404,6.6910167000000005,0.1,2260380.0,96945357.0,2260380.0,0.0,24530.0
"use testopen2gb; select unique3, count(unique3) as count from testdefopen2gb /*+ hash */ group by unique3;",5244.0804583,132.32036547771904,5244.3493975,6.763126100000001,0.2,2260380.0,96945357.0,2260380.0,0.0,24530.0
"set `compiler.optimize.groupby` 'false';use testopen4gb; select unique3, count(unique3) as count from testdefopen4gb group by unique3;",11056.244095799999,459.6087227209797,11056.540479500001,6.742421900000001,0.0,4520789.0,193890524.0,4520789.0,0.0,49051.0
"set `compiler.optimize.groupby` 'true';use testopen4gb; select unique3, count(unique3) as count from testdefopen4gb group by unique3;",9737.472953299999,243.35585355723546,9737.757952999998,7.292312900000001,0.0,4520789.0,193890524.0,4520789.0,0.0,49051.0
"use testopen4gb; select unique3, count(unique3) as count from testdefopen4gb /*+ hash */ group by unique3;",12766.8398673,207.2539092618794,12767.1263366,7.102673899999999,0.1,4520789.0,193890524.0,4520789.0,0.0,49051.0
"set `compiler.optimize.groupby` 'false';use testopen8gb; select unique3, count(unique3) as count from testdefopen8gb group by unique3;",21980.9437941,667.1593580501107,21981.2109003,6.1192089,0.0,9041708.0,387788842.0,9041708.0,0.0,98091.0
"set `compiler.optimize.groupby` 'true';use testopen8gb; select unique3, count(unique3) as count from testdefopen8gb group by unique3;",20104.406698,965.5876322563237,20104.6931591,7.2162391999999995,0.0,9041708.0,387788842.0,9041708.0,0.0,98091.0
"use testopen8gb; select unique3, count(unique3) as count from testdefopen8gb /*+ hash */ group by unique3;",37159.2169842,684.2775350589429,37159.512873,7.3360214,0.0,9041708.0,387788842.0,9041708.0,0.0,98091.0
"set `compiler.optimize.groupby` 'false';use testopen16gb; select unique3, count(unique3) as count from testdefopen16gb group by unique3;",44655.259475499995,1014.6833130673571,44655.531748,6.8593418,0.0,18083796.0,775593763.0,18083796.0,0.0,196172.0
"set `compiler.optimize.groupby` 'true';use testopen16gb; select unique3, count(unique3) as count from testdefopen16gb group by unique3;",39297.541187400006,1189.4810347583045,39297.8607168,6.6540603,0.1,18083796.0,775593763.0,18083796.0,0.0,196172.0
"use testopen16gb; select unique3, count(unique3) as count from testdefopen16gb /*+ hash */ group by unique3;",101230.1593599,1163.3080061648527,101230.4413805,6.9515957,0.1,18083796.0,775593763.0,18083796.0,0.0,196172.0
"set `compiler.optimize.groupby` 'false';use testopen32gb; select unique3, count(unique3) as count from testdefopen32gb group by unique3;",86250.97084190001,1976.4598272018209,86251.2475764,6.4889864,0.0,36168131.0,1551205712.0,36168131.0,0.0,392342.0
"set `compiler.optimize.groupby` 'true';use testopen32gb; select unique3, count(unique3) as count from testdefopen32gb group by unique3;",80226.57967879999,3326.7694492302676,80226.86230529999,7.1702607,0.0,36168131.0,1551205712.0,36168131.0,0.0,392342.0
"use testopen32gb; select unique3, count(unique3) as count from testdefopen32gb /*+ hash */ group by unique3;",194738.5950037,2386.3996181326106,194738.8864423,7.0333658,0.0,36168131.0,1551205712.0,36168131.0,0.0,392342.0
"set `compiler.optimize.groupby` 'false';use testopen64gb; select unique3, count(unique3) as count from testdefopen64gb group by unique3;",175674.8493546,3098.9673949364596,175675.1418064,7.054080000000001,0.1,72335919.0,3102403362.0,72335919.0,0.0,784673.0
"set `compiler.optimize.groupby` 'true';use testopen64gb; select unique3, count(unique3) as count from testdefopen64gb group by unique3;",160631.5181845,2454.8126281051823,160631.80584649998,6.447088199999999,0.0,72335919.0,3102403362.0,72335919.0,0.0,784673.0
"use testopen64gb; select unique3, count(unique3) as count from testdefopen64gb /*+ hash */ group by unique3;",380004.7871238001,1579.2661823607248,380005.08124890004,6.6594904,0.0,72335919.0,3102403362.0,72335919.0,0.0,784673.0
"set `compiler.optimize.groupby` 'false';use testopen2gb; select unique3, sum(unique3) as sum from testdefopen2gb group by unique3;",4947.232382800001,201.81861363294271,4947.5111051,6.6161602,0.0,2260380.0,110256654.0,2260380.0,0.0,24530.0
"set `compiler.optimize.groupby` 'true';use testopen2gb; select unique3, sum(unique3) as sum from testdefopen2gb group by unique3;",4893.7626967,140.8911017075246,4894.0355065,7.110334600000002,0.0,2260380.0,110256654.0,2260380.0,0.0,24530.0
"use testopen2gb; select unique3, sum(unique3) as sum from testdefopen2gb /*+ hash */ group by unique3;",5227.9565891,144.62548845643465,5228.2469575000005,6.6571906,0.1,2260380.0,110256654.0,2260380.0,0.0,24530.0
"set `compiler.optimize.groupby` 'false';use testopen4gb; select unique3, sum(unique3) as sum from testdefopen4gb group by unique3;",10917.714226,364.2481173896475,10917.9667204,6.818149,0.1,4520789.0,220511855.0,4520789.0,0.0,49051.0
"set `compiler.optimize.groupby` 'true';use testopen4gb; select unique3, sum(unique3) as sum from testdefopen4gb group by unique3;",10192.4630201,402.46721924619777,10192.7464398,5.909521,0.0,4520789.0,220511855.0,4520789.0,0.0,49051.0
"use testopen4gb; select unique3, sum(unique3) as sum from testdefopen4gb /*+ hash */ group by unique3;",12683.7087785,437.10756062840926,12683.985110799998,6.661258699999999,0.0,4520789.0,220511855.0,4520789.0,0.0,49051.0
"set `compiler.optimize.groupby` 'false';use testopen8gb; select unique3, sum(unique3) as sum from testdefopen8gb group by unique3;",22348.509366000002,650.3163644975607,22348.7764237,6.4613937,0.2,9041708.0,441034488.0,9041708.0,0.0,98091.0
"set `compiler.optimize.groupby` 'true';use testopen8gb; select unique3, sum(unique3) as sum from testdefopen8gb group by unique3;",19626.6494485,653.8629555612381,19626.9184078,6.6745071,0.0,9041708.0,441034488.0,9041708.0,0.0,98091.0
"use testopen8gb; select unique3, sum(unique3) as sum from testdefopen8gb /*+ hash */ group by unique3;",37779.6896911,463.3161497869864,37779.9457653,6.5375882,0.1,9041708.0,441034488.0,9041708.0,0.0,98091.0
"set `compiler.optimize.groupby` 'false';use testopen16gb; select unique3, sum(unique3) as sum from testdefopen16gb group by unique3;",45262.139276500006,1073.8261974541763,45262.391399500004,6.4688305999999995,0.0,18083796.0,882087074.0,18083796.0,0.0,196172.0
"set `compiler.optimize.groupby` 'true';use testopen16gb; select unique3, sum(unique3) as sum from testdefopen16gb group by unique3;",40246.7495566,1443.1118091256162,40247.0178397,6.397107799999999,0.1,18083796.0,882087074.0,18083796.0,0.0,196172.0
"use testopen16gb; select unique3, sum(unique3) as sum from testdefopen16gb /*+ hash */ group by unique3;",102739.28710520001,1864.5656533572153,102739.5642154,6.805365500000001,0.0,18083796.0,882087074.0,18083796.0,0.0,196172.0
"set `compiler.optimize.groupby` 'false';use testopen32gb; select unique3, sum(unique3) as sum from testdefopen32gb group by unique3;",91530.3363637,1367.5728571177392,91530.60212610001,6.6610134,0.0,36168131.0,1764190577.0,36168131.0,0.0,392342.0
"set `compiler.optimize.groupby` 'true';use testopen32gb; select unique3, sum(unique3) as sum from testdefopen32gb group by unique3;",81086.5306061,1920.1798307743104,81086.79074709999,6.8552309000000005,0.1,36168131.0,1764190577.0,36168131.0,0.0,392342.0
"use testopen32gb; select unique3, sum(unique3) as sum from testdefopen32gb /*+ hash */ group by unique3;",198040.67872919998,2735.0845152121624,198040.97430170001,5.7637502,0.0,36168131.0,1764190577.0,36168131.0,0.0,392342.0
"set `compiler.optimize.groupby` 'false';use testopen64gb; select unique3, sum(unique3) as sum from testdefopen64gb group by unique3;",177767.4360312,4242.139843517853,177767.6725502,6.669818000000001,0.0,72335919.0,3528377721.0,72335919.0,0.0,784673.0
"set `compiler.optimize.groupby` 'true';use testopen64gb; select unique3, sum(unique3) as sum from testdefopen64gb group by unique3;",166429.50064109996,3457.7615129597293,166429.7712726,6.953172500000001,0.0,72335919.0,3528377721.0,72335919.0,0.0,784673.0
"use testopen64gb; select unique3, sum(unique3) as sum from testdefopen64gb /*+ hash */ group by unique3;",382790.2746503,4478.45248965431,382790.5455371,6.9240984999999995,0.1,72335919.0,3528377721.0,72335919.0,0.0,784673.0
"set `compiler.optimize.groupby` 'false';use testopen2gb; select unique3, max(unique3) as max from testdefopen2gb group by unique3;",4967.373194600001,168.39037262044644,4967.647243899999,6.9145764,0.1,2260380.0,110256654.0,2260380.0,0.0,24530.0
"set `compiler.optimize.groupby` 'true';use testopen2gb; select unique3, max(unique3) as max from testdefopen2gb group by unique3;",4875.820448300001,136.02155236223936,4876.082252999999,6.0270633,0.1,2260380.0,110256654.0,2260380.0,0.0,24530.0
"use testopen2gb; select unique3, max(unique3) as max from testdefopen2gb /*+ hash */ group by unique3;",4844.376325499999,104.87527152936046,4844.666063899999,6.859782900000001,0.2,2260380.0,110256654.0,2260380.0,0.0,24530.0
"set `compiler.optimize.groupby` 'false';use testopen4gb; select unique3, max(unique3) as max from testdefopen4gb group by unique3;",11249.805360800001,382.5719250084061,11250.0684114,7.011523199999999,0.0,4520789.0,220511855.0,4520789.0,0.0,49051.0
"set `compiler.optimize.groupby` 'true';use testopen4gb; select unique3, max(unique3) as max from testdefopen4gb group by unique3;",10079.990117199999,270.4592860474841,10080.247998100001,6.7453593,0.1,4520789.0,220511855.0,4520789.0,0.0,49051.0
"use testopen4gb; select unique3, max(unique3) as max from testdefopen4gb /*+ hash */ group by unique3;",10239.032199600002,335.60352063437654,10239.3031194,6.7764577,0.1,4520789.0,220511855.0,4520789.0,0.0,49051.0
"set `compiler.optimize.groupby` 'false';use testopen8gb; select unique3, max(unique3) as max from testdefopen8gb group by unique3;",22492.0037287,465.73390129264766,22492.2692748,6.7486919,0.2,9041708.0,441034488.0,9041708.0,0.0,98091.0
"set `compiler.optimize.groupby` 'true';use testopen8gb; select unique3, max(unique3) as max from testdefopen8gb group by unique3;",20417.816797,545.0132115403055,20418.0813379,6.7739505,0.1,9041708.0,441034488.0,9041708.0,0.0,98091.0
"use testopen8gb; select unique3, max(unique3) as max from testdefopen8gb /*+ hash */ group by unique3;",19660.201526900004,501.6201101107595,19660.4712062,6.5590705,0.1,9041708.0,441034488.0,9041708.0,0.0,98091.0
"set `compiler.optimize.groupby` 'false';use testopen16gb; select unique3, max(unique3) as max from testdefopen16gb group by unique3;",45194.381654799996,1577.4495070844373,45194.6394377,6.503821,0.0,18083796.0,882087074.0,18083796.0,0.0,196172.0
"set `compiler.optimize.groupby` 'true';use testopen16gb; select unique3, max(unique3) as max from testdefopen16gb group by unique3;",39920.8320888,1331.1062544381257,39921.104061000005,6.5211187,0.0,18083796.0,882087074.0,18083796.0,0.0,196172.0
"use testopen16gb; select unique3, max(unique3) as max from testdefopen16gb /*+ hash */ group by unique3;",39736.55269320001,1550.011241120282,39736.8241963,6.7973319000000005,0.1,18083796.0,882087074.0,18083796.0,0.0,196172.0
"set `compiler.optimize.groupby` 'false';use testopen32gb; select unique3, max(unique3) as max from testdefopen32gb group by unique3;",90457.34307570002,1803.5142554024455,90457.6113026,6.555301,0.1,36168131.0,1764190577.0,36168131.0,0.0,392342.0
"set `compiler.optimize.groupby` 'true';use testopen32gb; select unique3, max(unique3) as max from testdefopen32gb group by unique3;",79787.51019480001,1941.1408950494392,79787.7755871,6.6791255000000005,0.0,36168131.0,1764190577.0,36168131.0,0.0,392342.0
"use testopen32gb; select unique3, max(unique3) as max from testdefopen32gb /*+ hash */ group by unique3;",79893.1611707,1734.3803750887716,79893.437587,6.1580128,0.1,36168131.0,1764190577.0,36168131.0,0.0,392342.0
"set `compiler.optimize.groupby` 'false';use testopen64gb; select unique3, max(unique3) as max from testdefopen64gb group by unique3;",190161.3169404,3164.3512953185896,190161.58692620002,7.026710400000001,0.0,72335919.0,3528377721.0,72335919.0,0.0,784673.0
"set `compiler.optimize.groupby` 'true';use testopen64gb; select unique3, max(unique3) as max from testdefopen64gb group by unique3;",166725.6645443,4118.279813644328,166725.94388059998,6.271532499999999,0.0,72335919.0,3528377721.0,72335919.0,0.0,784673.0
"use testopen64gb; select unique3, max(unique3) as max from testdefopen64gb /*+ hash */ group by unique3;",171789.07875439996,8713.135401980657,171789.3546131,6.6221835,0.0,72335919.0,3528377721.0,72335919.0,0.0,784673.0
"set `compiler.optimize.groupby` 'false';use testopen2gb; select unique3, min(unique3) as min from testdefopen2gb group by unique3;",4868.0262984,102.56588673745509,4868.288632,6.5102525,0.1,2260380.0,110256654.0,2260380.0,0.0,24530.0
"set `compiler.optimize.groupby` 'true';use testopen2gb; select unique3, min(unique3) as min from testdefopen2gb group by unique3;",4832.2328552,233.8401144259323,4832.499847000001,7.0617019,0.1,2260380.0,110256654.0,2260380.0,0.0,24530.0
"use testopen2gb; select unique3, min(unique3) as min from testdefopen2gb /*+ hash */ group by unique3;",4911.258390100001,157.73793952403707,4911.5398673,6.9617131,0.3,2260380.0,110256654.0,2260380.0,0.0,24530.0
"set `compiler.optimize.groupby` 'false';use testopen4gb; select unique3, min(unique3) as min from testdefopen4gb group by unique3;",11453.4082919,273.9433684166596,11453.694295599998,6.3242892,0.0,4520789.0,220511855.0,4520789.0,0.0,49051.0
"set `compiler.optimize.groupby` 'true';use testopen4gb; select unique3, min(unique3) as min from testdefopen4gb group by unique3;",10584.9542489,308.7534693074521,10585.234907900001,6.636311399999999,0.0,4520789.0,220511855.0,4520789.0,0.0,49051.0
"use testopen4gb; select unique3, min(unique3) as min from testdefopen4gb /*+ hash */ group by unique3;",10366.8139865,398.70700760849604,10367.084227399999,7.2733899,0.0,4520789.0,220511855.0,4520789.0,0.0,49051.0
"set `compiler.optimize.groupby` 'false';use testopen8gb; select unique3, min(unique3) as min from testdefopen8gb group by unique3;",22782.696009400002,586.2627135277892,22782.9577947,6.2973213999999995,0.1,9041708.0,441034488.0,9041708.0,0.0,98091.0
"set `compiler.optimize.groupby` 'true';use testopen8gb; select unique3, min(unique3) as min from testdefopen8gb group by unique3;",20490.403456399996,657.6916715718719,20490.666202200002,6.494836099999999,0.1,9041708.0,441034488.0,9041708.0,0.0,98091.0
"use testopen8gb; select unique3, min(unique3) as min from testdefopen8gb /*+ hash */ group by unique3;",19974.480843999998,696.4513703942372,19974.7572001,6.765864400000001,0.0,9041708.0,441034488.0,9041708.0,0.0,98091.0
"set `compiler.optimize.groupby` 'false';use testopen16gb; select unique3, min(unique3) as min from testdefopen16gb group by unique3;",46367.61150019999,1445.0616949704245,46367.883361500004,6.4369102,0.1,18083796.0,882087074.0,18083796.0,0.0,196172.0
"set `compiler.optimize.groupby` 'true';use testopen16gb; select unique3, min(unique3) as min from testdefopen16gb group by unique3;",40147.9730444,1153.0699590156062,40148.2127371,5.878227399999999,0.0,18083796.0,882087074.0,18083796.0,0.0,196172.0
"use testopen16gb; select unique3, min(unique3) as min from testdefopen16gb /*+ hash */ group by unique3;",40357.99023060001,1413.2746601386207,40358.2475223,6.669450899999999,0.0,18083796.0,882087074.0,18083796.0,0.0,196172.0
"set `compiler.optimize.groupby` 'false';use testopen32gb; select unique3, min(unique3) as min from testdefopen32gb group by unique3;",90456.3068314,2197.871788216084,90456.5668266,6.304535,0.1,36168131.0,1764190577.0,36168131.0,0.0,392342.0
"set `compiler.optimize.groupby` 'true';use testopen32gb; select unique3, min(unique3) as min from testdefopen32gb group by unique3;",81575.08518950001,2694.4731983263773,81575.3605135,6.5098590000000005,0.0,36168131.0,1764190577.0,36168131.0,0.0,392342.0
"use testopen32gb; select unique3, min(unique3) as min from testdefopen32gb /*+ hash */ group by unique3;",80352.17647800001,1950.0003352798944,80352.4494834,6.0807586,0.0,36168131.0,1764190577.0,36168131.0,0.0,392342.0
"set `compiler.optimize.groupby` 'false';use testopen64gb; select unique3, min(unique3) as min from testdefopen64gb group by unique3;",190827.4641572,6658.765335051672,190827.73088919997,6.56567,0.0,72335919.0,3528377721.0,72335919.0,0.0,784673.0
"set `compiler.optimize.groupby` 'true';use testopen64gb; select unique3, min(unique3) as min from testdefopen64gb group by unique3;",162154.6948235,2984.442091302845,162154.96225,6.8783896,0.0,72335919.0,3528377721.0,72335919.0,0.0,784673.0
"use testopen64gb; select unique3, min(unique3) as min from testdefopen64gb /*+ hash */ group by unique3;",165073.99640240002,2101.360629083352,165074.26066280002,6.4587372,0.2,72335919.0,3528377721.0,72335919.0,0.0,784673.0
"set `compiler.optimize.groupby` 'false';use testopen2gb; select stringu2, count(stringu2) as count from testdefopen2gb group by stringu2;",10361.3262843,383.4138134978442,10361.5894162,7.237400599999999,0.0,2257675.0,309301475.0,2260380.0,0.0,24530.0
"set `compiler.optimize.groupby` 'true';use testopen2gb; select stringu2, count(stringu2) as count from testdefopen2gb group by stringu2;",10142.397437700001,305.85468636061415,10142.651768799999,7.1370401,0.2,2257675.0,309301475.0,2260380.0,0.0,24530.0
"use testopen2gb; select stringu2, count(stringu2) as count from testdefopen2gb /*+ hash */ group by stringu2;",17501.8232117,329.14300826813314,17502.0950324,7.4283742,0.0,2257675.0,309301475.0,2260380.0,0.0,24530.0
"set `compiler.optimize.groupby` 'false';use testopen4gb; select stringu2, count(stringu2) as count from testdefopen4gb group by stringu2;",20861.8614416,794.4127053143715,20862.130138700002,7.385497199999999,0.0,4515035.0,618559795.0,4520789.0,0.0,49051.0
"set `compiler.optimize.groupby` 'true';use testopen4gb; select stringu2, count(stringu2) as count from testdefopen4gb group by stringu2;",19848.697340300005,577.1119203127107,19848.9673729,7.3703590000000005,0.0,4515035.0,618559795.0,4520789.0,0.0,49051.0
"use testopen4gb; select stringu2, count(stringu2) as count from testdefopen4gb /*+ hash */ group by stringu2;",58342.4493581,1118.6333896209694,58342.72659150001,7.3690236,0.0,4515035.0,618559795.0,4520789.0,0.0,49051.0
"set `compiler.optimize.groupby` 'false';use testopen8gb; select stringu2, count(stringu2) as count from testdefopen8gb group by stringu2;",41277.6634174,1539.6078774837224,41277.9151717,6.7761051,0.0,9031449.0,1237308513.0,9041708.0,0.0,98091.0
"set `compiler.optimize.groupby` 'true';use testopen8gb; select stringu2, count(stringu2) as count from testdefopen8gb group by stringu2;",39358.69084480001,2371.08987488073,39358.947467900005,7.0490769,0.0,9031449.0,1237308513.0,9041708.0,0.0,98091.0
"use testopen8gb; select stringu2, count(stringu2) as count from testdefopen8gb /*+ hash */ group by stringu2;",116970.76188559998,2573.574707892306,116971.036852,6.931727100000001,0.1,9031449.0,1237308513.0,9041708.0,0.0,98091.0
"set `compiler.optimize.groupby` 'false';use testopen16gb; select stringu2, count(stringu2) as count from testdefopen16gb group by stringu2;",82905.68942400001,2554.038850533914,82905.9563476,7.3386982000000005,0.0,18060883.0,2474340971.0,18083796.0,0.0,196172.0
"set `compiler.optimize.groupby` 'true';use testopen16gb; select stringu2, count(stringu2) as count from testdefopen16gb group by stringu2;",78602.49619519999,2230.666973281773,78602.76603580001,6.9866838,0.0,18060883.0,2474340971.0,18083796.0,0.0,196172.0
"use testopen16gb; select stringu2, count(stringu2) as count from testdefopen16gb /*+ hash */ group by stringu2;",223459.37742419998,3574.616568648433,223459.65551260003,6.626239,0.0,18060883.0,2474340971.0,18083796.0,0.0,196172.0
"set `compiler.optimize.groupby` 'false';use testopen32gb; select stringu2, count(stringu2) as count from testdefopen32gb group by stringu2;",166992.91850660002,3677.2558157843805,166993.18045359998,5.8922177,0.0,36114551.0,4947693487.0,36168131.0,0.0,392342.0
"set `compiler.optimize.groupby` 'true';use testopen32gb; select stringu2, count(stringu2) as count from testdefopen32gb group by stringu2;",164820.7257157,5813.173906026093,164820.98243519999,6.3936695,0.0,36114551.0,4947693487.0,36168131.0,0.0,392342.0
"use testopen32gb; select stringu2, count(stringu2) as count from testdefopen32gb /*+ hash */ group by stringu2;",444869.938877,6778.361390423735,444870.2023248,6.637183500000001,0.0,36114551.0,4947693487.0,36168131.0,0.0,392342.0
"set `compiler.optimize.groupby` 'false';use testopen64gb; select stringu2, count(stringu2) as count from testdefopen64gb group by stringu2;",336930.0774931,5404.344847753624,336930.3323537,6.3409564,0.1,72130717.0,9881908229.0,72335919.0,0.0,784673.0
"set `compiler.optimize.groupby` 'true';use testopen64gb; select stringu2, count(stringu2) as count from testdefopen64gb group by stringu2;",340485.474811,8498.545806953081,340485.72802339995,6.2394571,0.0,72130717.0,9881908229.0,72335919.0,0.0,784673.0
"use testopen64gb; select stringu2, count(stringu2) as count from testdefopen64gb /*+ hash */ group by stringu2;",985723.1922074001,19829.596740458157,985723.8967116,10.228165299999999,0.3,72130717.0,9881908229.0,72335919.0,0.0,784668.0
"set `compiler.optimize.groupby` 'false';use testopen64gb; select hundred, count(hundred) as count from testdefopen64gb group by hundred;",41276.977193399995,201.3940181517159,41277.534519,9.3007048,0.1,100.0,4090.0,72335919.0,0.0,784668.0
"set `compiler.optimize.groupby` 'true';use testopen64gb; select hundred, count(hundred) as count from testdefopen64gb group by hundred;",26097.6006017,85.38804717104392,26098.1772063,7.409239000000001,0.0,100.0,4090.0,72335919.0,0.0,784668.0
"use testopen64gb; select hundred, count(hundred) as count from testdefopen64gb /*+ hash */ group by hundred;",26779.4412355,52.82718735247905,26779.992462299997,7.3556493000000005,0.1,100.0,4090.0,72335919.0,0.0,784668.0
"set `compiler.optimize.groupby` 'false';use testopen64gb; select kgroups, count(kgroups) as count from testdefopen64gb group by kgroups;",43757.4948384,1420.5674550141555,43757.958706,7.075359799999999,0.2,1000.0,40890.0,72335919.0,0.0,784668.0
"set `compiler.optimize.groupby` 'true';use testopen64gb; select kgroups, count(kgroups) as count from testdefopen64gb group by kgroups;",26308.2377109,92.26215752426029,26308.692048700002,6.1536619,0.1,1000.0,40890.0,72335919.0,0.0,784668.0
"use testopen64gb; select kgroups, count(kgroups) as count from testdefopen64gb /*+ hash */ group by kgroups;",27028.4958352,93.11272836013978,27028.903788899996,5.231922900000001,0.0,1000.0,40890.0,72335919.0,0.0,784668.0
"set `compiler.optimize.groupby` 'false';use testopen64gb; select hundredkgroups, count(hundredkgroups) as count from testdefopen64gb group by hundredkgroups;",46950.5987169,1692.245506077936,46951.0188799,5.8701161,0.0,100000.0,4788890.0,72335919.0,0.0,784668.0
"set `compiler.optimize.groupby` 'true';use testopen64gb; select hundredkgroups, count(hundredkgroups) as count from testdefopen64gb group by hundredkgroups;",28948.6409185,126.50252096007131,28949.110700800004,5.8662241999999996,0.0,100000.0,4788890.0,72335919.0,0.0,784668.0
"use testopen64gb; select hundredkgroups, count(hundredkgroups) as count from testdefopen64gb /*+ hash */ group by hundredkgroups;",31651.2993487,153.47406276438363,31651.7209883,5.598166,0.0,100000.0,4788890.0,72335919.0,0.0,784668.0
"set `compiler.optimize.groupby` 'false';use testopen64gb; select variablelengthstring, count(variablelengthstring) as count from testdefopen64gb group by variablelengthstring;",544211.4885085002,40050.667430898706,544212.1855697001,8.2806048,0.0,72335919.0,12659139680.0,72335919.0,0.0,784668.0
"set `compiler.optimize.groupby` 'true';use testopen64gb; select variablelengthstring, count(variablelengthstring) as count from testdefopen64gb group by variablelengthstring;",537079.7119342999,40013.99020630602,537080.4342234,9.9595011,0.1,72335919.0,12659139680.0,72335919.0,0.0,784668.0
"use testopen64gb; select variablelengthstring, count(variablelengthstring) as count from testdefopen64gb /*+ hash */ group by variablelengthstring;",1212381.6801168,29501.22667229582,1212382.4261808,8.204842199999998,0.1,72335919.0,12659139680.0,72335919.0,0.0,784668.0
"set `compiler.optimize.groupby` 'false';set `compiler.groupmemory` '8mb';use tweetverse; select uname, sum(t.retweeted_status.retweet_count) as c from tweetsdataset t group by user.name as uname order by c desc limit 100;",88874.5843023,346.32673602377724,88875.335179,9.6066282,0.0,100.0,4115.0,42246255.0,0.0,2344951.0
"set `compiler.optimize.groupby` 'true';set `compiler.groupmemory` '8mb';use tweetverse; select uname, sum(t.retweeted_status.retweet_count) as c from tweetsdataset t group by user.name as uname order by c desc limit 100;",76939.36318429999,374.74474564277017,76940.0124696,9.7164834,0.0,100.0,4115.0,42246255.0,0.0,2344951.0
"set `compiler.groupmemory` '8mb';use tweetverse; select uname, sum(t.retweeted_status.retweet_count) as c from tweetsdataset t /*+ hash */ group by user.name as uname order by c desc limit 100;",102812.7408842,548.3986377303324,102813.3816961,8.921738600000001,0.2,100.0,4115.0,42246255.0,0.0,2344951.0
"set `compiler.optimize.groupby` 'false';set `compiler.groupmemory` '16mb';use tweetverse; select uname, sum(t.retweeted_status.retweet_count) as c from tweetsdataset t group by user.name as uname order by c desc limit 100;",90857.36881900001,990.6260354195559,90857.95719109998,7.843720500000001,0.2,100.0,4115.0,42246255.0,0.0,2344951.0
"set `compiler.optimize.groupby` 'true';set `compiler.groupmemory` '16mb';use tweetverse; select uname, sum(t.retweeted_status.retweet_count) as c from tweetsdataset t group by user.name as uname order by c desc limit 100;",76837.9726021,586.1527872688283,76838.52103450001,8.2839263,0.0,100.0,4115.0,42246255.0,0.0,2344951.0
"set `compiler.groupmemory` '16mb';use tweetverse; select uname, sum(t.retweeted_status.retweet_count) as c from tweetsdataset t /*+ hash */ group by user.name as uname order by c desc limit 100;",120013.939253,375.1060404072913,120014.4824521,8.1411572,0.0,100.0,4115.0,42246255.0,0.0,2344951.0
"set `compiler.optimize.groupby` 'false';set `compiler.groupmemory` '64mb';use tweetverse; select uname, sum(t.retweeted_status.retweet_count) as c from tweetsdataset t group by user.name as uname order by c desc limit 100;",93582.42545990001,664.167120629645,93582.8936276,6.3129007999999995,0.1,100.0,4115.0,42246255.0,0.0,2344951.0
"set `compiler.optimize.groupby` 'true';set `compiler.groupmemory` '64mb';use tweetverse; select uname, sum(t.retweeted_status.retweet_count) as c from tweetsdataset t group by user.name as uname order by c desc limit 100;",76684.40888840001,1175.3647603660063,76684.9751496,8.3434118,0.0,100.0,4115.0,42246255.0,0.0,2344951.0
"set `compiler.groupmemory` '64mb';use tweetverse; select uname, sum(t.retweeted_status.retweet_count) as c from tweetsdataset t /*+ hash */ group by user.name as uname order by c desc limit 100;",174984.84181349998,1074.668818875438,174985.37192130001,8.1061521,0.1,100.0,4115.0,42246255.0,0.0,2344951.0
"set `compiler.optimize.groupby` 'false';set `compiler.groupmemory` '128mb';use tweetverse; select uname, sum(t.retweeted_status.retweet_count) as c from tweetsdataset t group by user.name as uname order by c desc limit 100;",95211.552428,1693.9422776165964,95212.0265405,6.664890300000001,0.1,100.0,4115.0,42246255.0,0.0,2344951.0
"set `compiler.optimize.groupby` 'true';set `compiler.groupmemory` '128mb';use tweetverse; select uname, sum(t.retweeted_status.retweet_count) as c from tweetsdataset t group by user.name as uname order by c desc limit 100;",73779.9964319,335.3020764931479,73780.4770737,7.269055800000001,0.0,100.0,4115.0,42246255.0,0.0,2344951.0
"set `compiler.groupmemory` '128mb';use tweetverse; select uname, sum(t.retweeted_status.retweet_count) as c from tweetsdataset t /*+ hash */ group by user.name as uname order by c desc limit 100;",126517.77125139997,227.49163743908719,126518.27347249999,7.8577505,0.1,100.0,4115.0,42246255.0,0.0,2344951.0
"set `compiler.optimize.groupby` 'false';use wiscon2gb; select similarsmallstring, count(similarsmallstring) as count from wiscondef2gb group by wiscondef2gb.similarsmallstring;",1274.4906686,41.46971442902808,1274.8798691,5.5883174,0.0,1.0,63.0,2260380.0,0.0,19001.0
"set `compiler.optimize.groupby` 'true';use wiscon2gb; select similarsmallstring, count(similarsmallstring) as count from wiscondef2gb group by wiscondef2gb.similarsmallstring;",759.6145769999999,14.580367739346032,760.0900351,6.3287412,0.0,1.0,63.0,2260380.0,0.0,19001.0
"use wiscon2gb; select similarsmallstring, count(similarsmallstring) as count from wiscondef2gb /*+ hash */ group by wiscondef2gb.similarsmallstring;",806.7659417,26.888070645400884,807.1047297,4.400143,0.1,1.0,63.0,2260380.0,0.0,19001.0
"set `compiler.optimize.groupby` 'false';use wiscon4gb; select similarsmallstring, count(similarsmallstring) as count from wiscondef4gb group by wiscondef4gb.similarsmallstring;",2476.3709825,141.89794951864954,2476.7352450999997,4.5661082,0.1,1.0,63.0,4520789.0,0.0,38001.0
"set `compiler.optimize.groupby` 'true';use wiscon4gb; select similarsmallstring, count(similarsmallstring) as count from wiscondef4gb group by wiscondef4gb.similarsmallstring;",1479.8664326000003,22.856634642949853,1480.243079,5.364482299999999,0.1,1.0,63.0,4520789.0,0.0,38001.0
"use wiscon4gb; select similarsmallstring, count(similarsmallstring) as count from wiscondef4gb /*+ hash */ group by wiscondef4gb.similarsmallstring;",1547.2674118,28.879549761756312,1547.6506425000002,5.554042900000001,0.0,1.0,63.0,4520789.0,0.0,38001.0
"set `compiler.optimize.groupby` 'false';use wiscon8gb; select similarsmallstring, count(similarsmallstring) as count from wiscondef8gb group by wiscondef8gb.similarsmallstring;",5002.319423599999,179.11708992301268,5002.6869754,5.574698,0.0,1.0,63.0,9041708.0,0.0,75990.0
"set `compiler.optimize.groupby` 'true';use wiscon8gb; select similarsmallstring, count(similarsmallstring) as count from wiscondef8gb group by wiscondef8gb.similarsmallstring;",2940.3304017,35.97655089362055,2940.7674464999996,6.318698800000001,0.1,1.0,63.0,9041708.0,0.0,75990.0
"use wiscon8gb; select similarsmallstring, count(similarsmallstring) as count from wiscondef8gb /*+ hash */ group by wiscondef8gb.similarsmallstring;",3026.0894793999996,42.86113295256854,3026.4999835000003,5.6964795,0.1,1.0,63.0,9041708.0,0.0,75990.0
"set `compiler.optimize.groupby` 'false';use wiscon16gb; select similarsmallstring, count(similarsmallstring) as count from wiscondef16gb group by wiscondef16gb.similarsmallstring;",9488.4684066,255.99205503946254,9488.901102700002,5.6698533,0.0,1.0,64.0,18083796.0,0.0,151972.0
"set `compiler.optimize.groupby` 'true';use wiscon16gb; select similarsmallstring, count(similarsmallstring) as count from wiscondef16gb group by wiscondef16gb.similarsmallstring;",5783.6311756,29.974927516952164,5783.9917628,4.8356231,0.0,1.0,64.0,18083796.0,0.0,151972.0
"use wiscon16gb; select similarsmallstring, count(similarsmallstring) as count from wiscondef16gb /*+ hash */ group by wiscondef16gb.similarsmallstring;",5958.896987499999,25.15399422907448,5959.303763400001,5.5197081,0.0,1.0,64.0,18083796.0,0.0,151972.0
"set `compiler.optimize.groupby` 'false';use wiscon32gb; select similarsmallstring, count(similarsmallstring) as count from wiscondef32gb group by wiscondef32gb.similarsmallstring;",19287.4338266,645.1404303449829,19287.732917200003,4.378914100000001,0.0,1.0,64.0,36168131.0,0.0,303933.0
"set `compiler.optimize.groupby` 'true';use wiscon32gb; select similarsmallstring, count(similarsmallstring) as count from wiscondef32gb group by wiscondef32gb.similarsmallstring;",11527.567042100001,97.933885655861,11527.966294499998,5.7483474999999995,0.0,1.0,64.0,36168131.0,0.0,303933.0
"use wiscon32gb; select similarsmallstring, count(similarsmallstring) as count from wiscondef32gb /*+ hash */ group by wiscondef32gb.similarsmallstring;",11869.2697304,53.93468882340005,11869.6242513,4.5609066,0.0,1.0,64.0,36168131.0,0.0,303933.0
"set `compiler.optimize.groupby` 'false';use wiscon64gb; select similarsmallstring, count(similarsmallstring) as count from wiscondef64gb group by wiscondef64gb.similarsmallstring;",38747.1431188,1439.9516528936454,38747.50858649999,5.0435441999999995,0.1,1.0,64.0,72335919.0,0.0,607854.0
"set `compiler.optimize.groupby` 'true';use wiscon64gb; select similarsmallstring, count(similarsmallstring) as count from wiscondef64gb group by wiscondef64gb.similarsmallstring;",22950.744876999997,56.03519099391854,22951.135522800003,5.4389609,0.0,1.0,64.0,72335919.0,0.0,607854.0
"use wiscon64gb; select similarsmallstring, count(similarsmallstring) as count from wiscondef64gb /*+ hash */ group by wiscondef64gb.similarsmallstring;",23740.083130200004,106.41484928865154,23740.4362437,4.692009400000001,0.0,1.0,64.0,72335919.0,0.0,607854.0
"set `compiler.optimize.groupby` 'false';use testopen2gb; select ten, max(ten) as max from testdefopen2gb group by ten;",1296.426264,16.379928573252975,1297.0343595,9.894790200000001,0.1,10.0,290.0,2260380.0,0.0,24530.0
"set `compiler.optimize.groupby` 'true';use testopen2gb; select ten, max(ten) as max from testdefopen2gb group by ten;",860.6489755,24.413695514724367,861.2760727000001,8.701494,0.0,10.0,290.0,2260380.0,0.0,24530.0
"use testopen2gb; select ten, max(ten) as max from testdefopen2gb /*+ hash */ group by ten;",852.3237063999999,12.628852428028438,853.0713218999999,9.3688998,0.1,10.0,290.0,2260380.0,0.0,24530.0
"set `compiler.optimize.groupby` 'false';use testopen4gb; select ten, max(ten) as max from testdefopen4gb group by ten;",2509.9934106,58.5055358204389,2510.587509,7.6871697999999995,0.0,10.0,290.0,4520789.0,0.0,49051.0
"set `compiler.optimize.groupby` 'true';use testopen4gb; select ten, max(ten) as max from testdefopen4gb group by ten;",1672.0983270000002,18.451927301928446,1672.7276144,9.060297700000001,0.1,10.0,290.0,4520789.0,0.0,49051.0
"use testopen4gb; select ten, max(ten) as max from testdefopen4gb /*+ hash */ group by ten;",1664.7602305,16.430939582882626,1665.2629517,7.6822236,0.0,10.0,290.0,4520789.0,0.0,49051.0
"set `compiler.optimize.groupby` 'false';use testopen8gb; select ten, max(ten) as max from testdefopen8gb group by ten;",5238.6184194,406.13357425009355,5239.076464200001,6.7086771,0.1,10.0,290.0,9041708.0,0.0,98092.0
"set `compiler.optimize.groupby` 'true';use testopen8gb; select ten, max(ten) as max from testdefopen8gb group by ten;",3280.0108474,27.539331973499138,3280.4386965,5.9706527000000005,0.2,10.0,290.0,9041708.0,0.0,98092.0
"use testopen8gb; select ten, max(ten) as max from testdefopen8gb /*+ hash */ group by ten;",3276.4343468,25.724041868079805,3276.7969086000003,5.3049206,0.0,10.0,290.0,9041708.0,0.0,98092.0
"set `compiler.optimize.groupby` 'false';use testopen16gb; select ten, max(ten) as max from testdefopen16gb group by ten;",10311.798760599999,622.7334825364642,10312.1433177,4.6623712,0.0,10.0,290.0,18083796.0,0.0,196173.0
"set `compiler.optimize.groupby` 'true';use testopen16gb; select ten, max(ten) as max from testdefopen16gb group by ten;",6499.4451859,18.023391506477747,6499.857076,6.245159599999999,0.0,10.0,290.0,18083796.0,0.0,196173.0
"use testopen16gb; select ten, max(ten) as max from testdefopen16gb /*+ hash */ group by ten;",6509.3728603,25.206639198027247,6509.918582699999,8.310525100000001,0.0,10.0,290.0,18083796.0,0.0,196173.0
"set `compiler.optimize.groupby` 'false';use testopen32gb; select ten, max(ten) as max from testdefopen32gb group by ten;",20474.1187568,960.2484910436834,20474.4217183,4.4224428,0.1,10.0,290.0,36168131.0,0.0,392343.0
"set `compiler.optimize.groupby` 'true';use testopen32gb; select ten, max(ten) as max from testdefopen32gb group by ten;",13061.9314255,31.616125910683227,13062.1884823,3.4350781999999995,0.1,10.0,290.0,36168131.0,0.0,392343.0
"use testopen32gb; select ten, max(ten) as max from testdefopen32gb /*+ hash */ group by ten;",13047.0726092,47.81979056836864,13047.323552099999,3.2449535,0.0,10.0,290.0,36168131.0,0.0,392343.0
"set `compiler.optimize.groupby` 'false';use testopen64gb; select ten, max(ten) as max from testdefopen64gb group by ten;",41432.600110700005,2235.6427154985777,41432.846770699995,3.0801198,0.0,10.0,290.0,72335919.0,0.0,784671.0
"set `compiler.optimize.groupby` 'true';use testopen64gb; select ten, max(ten) as max from testdefopen64gb group by ten;",26236.0955632,71.26080608371048,26236.333536300004,3.0385686000000005,0.0,10.0,290.0,72335919.0,0.0,784671.0
"use testopen64gb; select ten, max(ten) as max from testdefopen64gb /*+ hash */ group by ten;",26121.938825100002,107.70307430771477,26122.197034099998,2.9509293999999997,0.0,10.0,290.0,72335919.0,0.0,784671.0
"set `compiler.optimize.groupby` 'false';use testopen2gb; select ten, min(ten) as min from testdefopen2gb group by ten;",1326.2854204,64.53000210222253,1326.5264899,2.948789,0.1,10.0,290.0,2260380.0,0.0,24530.0
"set `compiler.optimize.groupby` 'true';use testopen2gb; select ten, min(ten) as min from testdefopen2gb group by ten;",846.1109571999999,7.147725410849022,846.3467436999999,2.8580378,0.1,10.0,290.0,2260380.0,0.0,24530.0
"use testopen2gb; select ten, min(ten) as min from testdefopen2gb /*+ hash */ group by ten;",852.3961378,9.797775965883712,852.6451958,3.1548443999999995,0.0,10.0,290.0,2260380.0,0.0,24530.0
"set `compiler.optimize.groupby` 'false';use testopen4gb; select ten, min(ten) as min from testdefopen4gb group by ten;",2535.9514412,165.67311696006132,2536.1826395999997,2.8231143,0.0,10.0,290.0,4520789.0,0.0,49051.0
"set `compiler.optimize.groupby` 'true';use testopen4gb; select ten, min(ten) as min from testdefopen4gb group by ten;",1682.2723393,12.813194090658268,1682.5710440999999,2.8214087,0.0,10.0,290.0,4520789.0,0.0,49051.0
"use testopen4gb; select ten, min(ten) as min from testdefopen4gb /*+ hash */ group by ten;",1677.0088007999998,10.979685989403713,1677.2688740999997,2.9947106000000003,0.0,10.0,290.0,4520789.0,0.0,49051.0
"set `compiler.optimize.groupby` 'false';use testopen8gb; select ten, min(ten) as min from testdefopen8gb group by ten;",5388.040180999999,493.6013530638143,5388.2855134,3.0074078,0.1,10.0,290.0,9041708.0,0.0,98092.0
"set `compiler.optimize.groupby` 'true';use testopen8gb; select ten, min(ten) as min from testdefopen8gb group by ten;",3289.5650732000004,23.018050223491926,3289.7963991999995,2.9130963000000003,0.0,10.0,290.0,9041708.0,0.0,98092.0
"use testopen8gb; select ten, min(ten) as min from testdefopen8gb /*+ hash */ group by ten;",3311.8831705999996,42.68171241369776,3312.1293732,2.7210055,0.0,10.0,290.0,9041708.0,0.0,98092.0
"set `compiler.optimize.groupby` 'false';use testopen16gb; select ten, min(ten) as min from testdefopen16gb group by ten;",10462.825205199999,636.7560854850211,10463.0567679,2.700782,0.0,10.0,290.0,18083796.0,0.0,196173.0
"set `compiler.optimize.groupby` 'true';use testopen16gb; select ten, min(ten) as min from testdefopen16gb group by ten;",6574.819728,28.305300499994278,6575.046869000001,2.669783,0.1,10.0,290.0,18083796.0,0.0,196173.0
"use testopen16gb; select ten, min(ten) as min from testdefopen16gb /*+ hash */ group by ten;",6564.6727513999995,37.45350054879913,6564.904382600001,2.7432223000000002,0.0,10.0,290.0,18083796.0,0.0,196173.0
"set `compiler.optimize.groupby` 'false';use testopen32gb; select ten, min(ten) as min from testdefopen32gb group by ten;",20781.289619900002,1066.0670066990733,20781.5047429,2.7243429,0.1,10.0,290.0,36168131.0,0.0,392343.0
"set `compiler.optimize.groupby` 'true';use testopen32gb; select ten, min(ten) as min from testdefopen32gb group by ten;",13114.2260935,36.5032744304057,13114.4522432,2.657557,0.0,10.0,290.0,36168131.0,0.0,392343.0
"use testopen32gb; select ten, min(ten) as min from testdefopen32gb /*+ hash */ group by ten;",13100.263943,56.903649086157664,13100.4928918,2.7761942,0.1,10.0,290.0,36168131.0,0.0,392343.0
"set `compiler.optimize.groupby` 'false';use testopen64gb; select ten, min(ten) as min from testdefopen64gb group by ten;",41922.3973602,1922.705697555413,41922.6187678,2.6768088,0.1,10.0,290.0,72335919.0,0.0,784671.0
"set `compiler.optimize.groupby` 'true';use testopen64gb; select ten, min(ten) as min from testdefopen64gb group by ten;",26273.8671838,64.41424528014377,26274.104269000003,2.764577,0.0,10.0,290.0,72335919.0,0.0,784671.0
"use testopen64gb; select ten, min(ten) as min from testdefopen64gb /*+ hash */ group by ten;",26344.1345463,69.942889200454,26344.3738229,2.7390672,0.0,10.0,290.0,72335919.0,0.0,784671.0
"set `compiler.optimize.groupby` 'false';use testopen2gb; select ten, sum(ten) as sum from testdefopen2gb group by ten;",1378.6469238,97.60856504416279,1378.8622944,2.6454870999999995,0.0,10.0,340.0,2260380.0,0.0,24530.0
"set `compiler.optimize.groupby` 'true';use testopen2gb; select ten, sum(ten) as sum from testdefopen2gb group by ten;",857.6134922000001,21.964321303496575,857.8285674000001,2.6223947,0.0,10.0,340.0,2260380.0,0.0,24530.0
"use testopen2gb; select ten, sum(ten) as sum from testdefopen2gb /*+ hash */ group by ten;",884.7735121000002,17.848949736370123,885.0051129999999,2.6591367000000004,0.0,10.0,340.0,2260380.0,0.0,24530.0
"set `compiler.optimize.groupby` 'false';use testopen4gb; select ten, sum(ten) as sum from testdefopen4gb group by ten;",2523.437991,176.02290003828452,2523.6779124,2.6900583,0.0,10.0,342.0,4520789.0,0.0,49051.0
"set `compiler.optimize.groupby` 'true';use testopen4gb; select ten, sum(ten) as sum from testdefopen4gb group by ten;",1703.5364492,35.167919062992205,1703.7655373000002,2.7179859,0.1,10.0,342.0,4520789.0,0.0,49051.0
"use testopen4gb; select ten, sum(ten) as sum from testdefopen4gb /*+ hash */ group by ten;",1723.4368299999999,13.915883950388661,1723.6663887,2.5217637999999996,0.1,10.0,342.0,4520789.0,0.0,49051.0
"set `compiler.optimize.groupby` 'false';use testopen8gb; select ten, sum(ten) as sum from testdefopen8gb group by ten;",5356.1301496,365.01309160802197,5356.3516172,2.5641098,0.1,10.0,343.0,9041708.0,0.0,98092.0
"set `compiler.optimize.groupby` 'true';use testopen8gb; select ten, sum(ten) as sum from testdefopen8gb group by ten;",3322.4903863,24.923941657352213,3322.7039170999997,2.6560069000000004,0.0,10.0,343.0,9041708.0,0.0,98092.0
"use testopen8gb; select ten, sum(ten) as sum from testdefopen8gb /*+ hash */ group by ten;",3387.9216733000003,33.639794385507884,3388.1459763,2.5429576000000003,0.1,10.0,343.0,9041708.0,0.0,98092.0
"set `compiler.optimize.groupby` 'false';use testopen16gb; select ten, sum(ten) as sum from testdefopen16gb group by ten;",10266.606108599999,678.7805136153521,10266.812647899998,2.5653934,0.0,10.0,348.0,18083796.0,0.0,196173.0
"set `compiler.optimize.groupby` 'true';use testopen16gb; select ten, sum(ten) as sum from testdefopen16gb group by ten;",6645.323970799999,66.35785345644284,6645.5512435,2.7349127,0.0,10.0,348.0,18083796.0,0.0,196173.0
"use testopen16gb; select ten, sum(ten) as sum from testdefopen16gb /*+ hash */ group by ten;",6708.8560854,37.99572264712656,6709.080855499999,2.5330699,0.0,10.0,348.0,18083796.0,0.0,196173.0
"set `compiler.optimize.groupby` 'false';use testopen32gb; select ten, sum(ten) as sum from testdefopen32gb group by ten;",20317.8500118,1298.2690070140343,20318.0608538,2.7060058,0.0,10.0,351.0,36168131.0,0.0,392343.0
"set `compiler.optimize.groupby` 'true';use testopen32gb; select ten, sum(ten) as sum from testdefopen32gb group by ten;",13201.940751699998,63.704518821110554,13202.158280500002,2.4938529999999997,0.0,10.0,351.0,36168131.0,0.0,392343.0
"use testopen32gb; select ten, sum(ten) as sum from testdefopen32gb /*+ hash */ group by ten;",13392.016328599999,63.465520087769825,13392.2159108,2.4951499000000004,0.1,10.0,351.0,36168131.0,0.0,392343.0
"set `compiler.optimize.groupby` 'false';use testopen64gb; select ten, sum(ten) as sum from testdefopen64gb group by ten;",41074.4054305,2083.1665801309364,41074.5984672,2.5138612000000005,0.0,10.0,352.0,72335919.0,0.0,784671.0
"set `compiler.optimize.groupby` 'true';use testopen64gb; select ten, sum(ten) as sum from testdefopen64gb group by ten;",26493.496512799997,63.551056324904934,26493.689573,2.5695982,0.0,10.0,352.0,72335919.0,0.0,784671.0
"use testopen64gb; select ten, sum(ten) as sum from testdefopen64gb /*+ hash */ group by ten;",26789.678777300003,115.39843192331938,26789.881325000002,2.4932687999999996,0.1,10.0,352.0,72335919.0,0.0,784671.0
"set `compiler.optimize.groupby` 'false';use wiscon2gb; select normalsmallstring, count(normalsmallstring) as count from wiscondef2gb group by wiscondef2gb.normalsmallstring;",5486.238413499999,276.024396749425,5486.471104599999,2.648873,0.0,2257675.0,126429800.0,2260380.0,0.0,19001.0
"set `compiler.optimize.groupby` 'true';use wiscon2gb; select normalsmallstring, count(normalsmallstring) as count from wiscondef2gb group by wiscondef2gb.normalsmallstring;",5423.8632462000005,263.37070391030153,5424.0871865,2.7054544999999997,0.1,2257675.0,126429800.0,2260380.0,0.0,19001.0
"use wiscon2gb; select normalsmallstring, count(normalsmallstring) as count from wiscondef2gb /*+ hash */ group by wiscondef2gb.normalsmallstring;",5753.3101191000005,155.5112875604505,5753.510070599999,2.5036076,0.0,2257675.0,126429800.0,2260380.0,0.0,19001.0
"set `compiler.optimize.groupby` 'false';use wiscon4gb; select normalsmallstring, count(normalsmallstring) as count from wiscondef4gb group by wiscondef4gb.normalsmallstring;",11827.6535581,407.36218451985457,11827.8434145,2.4736309999999997,0.0,4515035.0,252841960.0,4520789.0,0.0,38001.0
"set `compiler.optimize.groupby` 'true';use wiscon4gb; select normalsmallstring, count(normalsmallstring) as count from wiscondef4gb group by wiscondef4gb.normalsmallstring;",10519.783707300001,302.0094500816225,10519.9813684,2.5411431,0.1,4515035.0,252841960.0,4520789.0,0.0,38001.0
"use wiscon4gb; select normalsmallstring, count(normalsmallstring) as count from wiscondef4gb /*+ hash */ group by wiscondef4gb.normalsmallstring;",17425.6266982,926.1644454342021,17425.8245052,2.4366122,0.0,4515035.0,252841960.0,4520789.0,0.0,38001.0
"set `compiler.optimize.groupby` 'false';use wiscon8gb; select normalsmallstring, count(normalsmallstring) as count from wiscondef8gb group by wiscondef8gb.normalsmallstring;",23345.8911287,905.0835868244983,23346.0608306,2.4940908999999998,0.0,9031449.0,505761144.0,9041708.0,0.0,75990.0
"set `compiler.optimize.groupby` 'true';use wiscon8gb; select normalsmallstring, count(normalsmallstring) as count from wiscondef8gb group by wiscondef8gb.normalsmallstring;",20891.2977728,696.3840359238066,20891.471307099997,2.3988194999999997,0.0,9031449.0,505761144.0,9041708.0,0.0,75990.0
"use wiscon8gb; select normalsmallstring, count(normalsmallstring) as count from wiscondef8gb /*+ hash */ group by wiscondef8gb.normalsmallstring;",42947.7253258,476.58030251144635,42947.900966400004,2.4988501999999997,0.1,9031449.0,505761144.0,9041708.0,0.0,75990.0
"set `compiler.optimize.groupby` 'false';use wiscon16gb; select normalsmallstring, count(normalsmallstring) as count from wiscondef16gb group by wiscondef16gb.normalsmallstring;",47482.4889749,2221.6839128730503,47482.6543473,2.4238083,0.0,18060883.0,1011409448.0,18083796.0,0.0,151972.0
"set `compiler.optimize.groupby` 'true';use wiscon16gb; select normalsmallstring, count(normalsmallstring) as count from wiscondef16gb group by wiscondef16gb.normalsmallstring;",41893.4218271,1518.868795002937,41893.6467073,3.7944772,0.0,18060883.0,1011409448.0,18083796.0,0.0,151972.0
"use wiscon16gb; select normalsmallstring, count(normalsmallstring) as count from wiscondef16gb /*+ hash */ group by wiscondef16gb.normalsmallstring;",115116.3926849,2714.8207082635736,115116.57109980001,2.3744237999999998,0.1,18060883.0,1011409448.0,18083796.0,0.0,151972.0
"set `compiler.optimize.groupby` 'false';use wiscon32gb; select normalsmallstring, count(normalsmallstring) as count from wiscondef32gb group by wiscondef32gb.normalsmallstring;",96591.2422831,1949.5462658686556,96591.5195031,5.105507800000001,0.1,36114551.0,2022414856.0,36168131.0,0.0,303933.0
"set `compiler.optimize.groupby` 'true';use wiscon32gb; select normalsmallstring, count(normalsmallstring) as count from wiscondef32gb group by wiscondef32gb.normalsmallstring;",86937.205143,2769.816442867401,86937.5425482,6.755895499999999,0.0,36114551.0,2022414856.0,36168131.0,0.0,303933.0
"use wiscon32gb; select normalsmallstring, count(normalsmallstring) as count from wiscondef32gb /*+ hash */ group by wiscondef32gb.normalsmallstring;",218687.94906369998,1624.4311775483802,218688.2367325,4.9465185,0.0,36114551.0,2022414856.0,36168131.0,0.0,303933.0
"set `compiler.optimize.groupby` 'false';use wiscon64gb; select normalsmallstring, count(normalsmallstring) as count from wiscondef64gb group by wiscondef64gb.normalsmallstring;",191007.02282950003,5375.947064437505,191007.365479,6.944871399999999,0.1,72130717.0,4039320152.0,72335919.0,0.0,607854.0
"set `compiler.optimize.groupby` 'true';use wiscon64gb; select normalsmallstring, count(normalsmallstring) as count from wiscondef64gb group by wiscondef64gb.normalsmallstring;",168307.7031938,4525.710759271045,168308.0398797,6.3608514000000005,0.0,72130717.0,4039320152.0,72335919.0,0.0,607854.0
"use wiscon64gb; select normalsmallstring, count(normalsmallstring) as count from wiscondef64gb /*+ hash */ group by wiscondef64gb.normalsmallstring;",393266.08117230004,3465.510170227629,393266.4351888,6.410749699999999,0.0,72130717.0,4039320152.0,72335919.0,0.0,607854.0
