Query,Run,ElapsedTime,ExecutionTime,CompileTime,QueueWaitTime,ResultCount,ResultSize,ProcessedObjects,bufferCacheHitRatio,bufferCachePageReadCount
"set `compiler.optimize.groupby` 'false';use tpcds; select i_brand_id brand_id, i_brand brand, sum(ss.ss_ext_sales_price) ext_price from date_dim d, store_sales ss, item i where d.d_date_sk = ss.ss_sold_date_sk and ss.ss_item_sk = i.i_item_sk and i.i_manager_id=36 and d.d_moy=12 and d.d_year=2001 group by i.i_brand, i.i_brand_id order by ext_price desc, i_brand_id limit 100;",1,136.945573494s,136.944915967s,20.034613ms,0ns,100,9140,288274073,0.00%,1775243
"set `compiler.optimize.groupby` 'true';use tpcds; select i_brand_id brand_id, i_brand brand, sum(ss.ss_ext_sales_price) ext_price from date_dim d, store_sales ss, item i where d.d_date_sk = ss.ss_sold_date_sk and ss.ss_item_sk = i.i_item_sk and i.i_manager_id=36 and d.d_moy=12 and d.d_year=2001 group by i.i_brand, i.i_brand_id order by ext_price desc, i_brand_id limit 100;",1,136.83116019s,136.830512219s,15.015428ms,0ns,100,9172,288274073,0.00%,1775243
"use tpcds; select i_brand_id brand_id, i_brand brand, sum(ss.ss_ext_sales_price) ext_price from date_dim d, store_sales ss, item i where d.d_date_sk = ss.ss_sold_date_sk and ss.ss_item_sk = i.i_item_sk and i.i_manager_id=36 and d.d_moy=12 and d.d_year=2001 /*+ hash */ group by i.i_brand, i.i_brand_id order by ext_price desc, i_brand_id limit 100;",1,136.662742176s,136.661981475s,15.065898ms,0ns,100,9120,288274073,0.00%,1775243
"set `compiler.optimize.groupby` 'false';use tpcds; select i_brand_id brand_id, i_brand brand, sum(ss.ss_ext_sales_price) ext_price from date_dim d, store_sales ss, item i where d.d_date_sk = ss.ss_sold_date_sk and ss.ss_item_sk = i.i_item_sk and i.i_manager_id=37 and d.d_moy=11 and d.d_year=2001 group by i.i_brand, i.i_brand_id order by ext_price desc, i_brand_id limit 100;",1,138.156207472s,138.155553742s,12.39897ms,0ns,100,9281,288274073,0.00%,1775243
"set `compiler.optimize.groupby` 'true';use tpcds; select i_brand_id brand_id, i_brand brand, sum(ss.ss_ext_sales_price) ext_price from date_dim d, store_sales ss, item i where d.d_date_sk = ss.ss_sold_date_sk and ss.ss_item_sk = i.i_item_sk and i.i_manager_id=37 and d.d_moy=11 and d.d_year=2001 group by i.i_brand, i.i_brand_id order by ext_price desc, i_brand_id limit 100;",1,138.272391925s,138.271725655s,14.726355ms,0ns,100,9278,288274073,0.00%,1775243
"use tpcds; select i_brand_id brand_id, i_brand brand, sum(ss.ss_ext_sales_price) ext_price from date_dim d, store_sales ss, item i where d.d_date_sk = ss.ss_sold_date_sk and ss.ss_item_sk = i.i_item_sk and i.i_manager_id=37 and d.d_moy=11 and d.d_year=2001 /*+ hash */ group by i.i_brand, i.i_brand_id order by ext_price desc, i_brand_id limit 100;",1,138.517750484s,138.517098412s,19.721357ms,0ns,100,9320,288274073,0.00%,1775243
"set `compiler.optimize.groupby` 'false';use tpcds; select i_brand_id brand_id, i_brand brand, sum(ss.ss_ext_sales_price) ext_price from date_dim d, store_sales ss, item i where d.d_date_sk = ss.ss_sold_date_sk and ss.ss_item_sk = i.i_item_sk and i.i_manager_id=89 and d.d_moy=12 and d.d_year=2000 group by i.i_brand, i.i_brand_id order by ext_price desc, i_brand_id limit 100;",1,137.789306412s,137.7886328s,11.086755ms,0ns,100,9301,288274073,0.00%,1775243
"set `compiler.optimize.groupby` 'true';use tpcds; select i_brand_id brand_id, i_brand brand, sum(ss.ss_ext_sales_price) ext_price from date_dim d, store_sales ss, item i where d.d_date_sk = ss.ss_sold_date_sk and ss.ss_item_sk = i.i_item_sk and i.i_manager_id=89 and d.d_moy=12 and d.d_year=2000 group by i.i_brand, i.i_brand_id order by ext_price desc, i_brand_id limit 100;",1,138.910317142s,138.909661848s,16.807805ms,0ns,100,9344,288274073,0.00%,1775243
"use tpcds; select i_brand_id brand_id, i_brand brand, sum(ss.ss_ext_sales_price) ext_price from date_dim d, store_sales ss, item i where d.d_date_sk = ss.ss_sold_date_sk and ss.ss_item_sk = i.i_item_sk and i.i_manager_id=89 and d.d_moy=12 and d.d_year=2000 /*+ hash */ group by i.i_brand, i.i_brand_id order by ext_price desc, i_brand_id limit 100;",1,138.48445137s,138.48390527s,16.01366ms,0ns,100,9321,288274073,0.00%,1775243
"set `compiler.optimize.groupby` 'false';use tpcds; select i_brand_id brand_id, i_brand brand, sum(ss.ss_ext_sales_price) ext_price from date_dim d, store_sales ss, item i where d.d_date_sk = ss.ss_sold_date_sk and ss.ss_item_sk = i.i_item_sk and i.i_manager_id=12 and d.d_moy=11 and d.d_year=1998 group by i.i_brand, i.i_brand_id order by ext_price desc, i_brand_id limit 100;",1,136.125588979s,136.125048923s,26.042487ms,0ns,100,9212,288274073,0.00%,1775243
"set `compiler.optimize.groupby` 'true';use tpcds; select i_brand_id brand_id, i_brand brand, sum(ss.ss_ext_sales_price) ext_price from date_dim d, store_sales ss, item i where d.d_date_sk = ss.ss_sold_date_sk and ss.ss_item_sk = i.i_item_sk and i.i_manager_id=12 and d.d_moy=11 and d.d_year=1998 group by i.i_brand, i.i_brand_id order by ext_price desc, i_brand_id limit 100;",1,135.519985196s,135.519458251s,10.906997ms,0ns,100,9168,288274073,0.00%,1775243
"use tpcds; select i_brand_id brand_id, i_brand brand, sum(ss.ss_ext_sales_price) ext_price from date_dim d, store_sales ss, item i where d.d_date_sk = ss.ss_sold_date_sk and ss.ss_item_sk = i.i_item_sk and i.i_manager_id=12 and d.d_moy=11 and d.d_year=1998 /*+ hash */ group by i.i_brand, i.i_brand_id order by ext_price desc, i_brand_id limit 100;",1,136.213300995s,136.212753487s,19.147936ms,0ns,100,9203,288274073,0.00%,1775243
"set `compiler.optimize.groupby` 'false';use tpcds; select i_brand_id brand_id, i_brand brand, sum(ss.ss_ext_sales_price) ext_price from date_dim d, store_sales ss, item i where d.d_date_sk = ss.ss_sold_date_sk and ss.ss_item_sk = i.i_item_sk and i.i_manager_id=42 and d.d_moy=12 and d.d_year=2001 group by i.i_brand, i.i_brand_id order by ext_price desc, i_brand_id limit 100;",1,136.491128469s,136.490626409s,17.503737ms,0ns,100,9164,288274073,0.00%,1775243
"set `compiler.optimize.groupby` 'true';use tpcds; select i_brand_id brand_id, i_brand brand, sum(ss.ss_ext_sales_price) ext_price from date_dim d, store_sales ss, item i where d.d_date_sk = ss.ss_sold_date_sk and ss.ss_item_sk = i.i_item_sk and i.i_manager_id=42 and d.d_moy=12 and d.d_year=2001 group by i.i_brand, i.i_brand_id order by ext_price desc, i_brand_id limit 100;",1,136.729343528s,136.728811369s,14.673848ms,0ns,100,9202,288274073,0.00%,1775243
"use tpcds; select i_brand_id brand_id, i_brand brand, sum(ss.ss_ext_sales_price) ext_price from date_dim d, store_sales ss, item i where d.d_date_sk = ss.ss_sold_date_sk and ss.ss_item_sk = i.i_item_sk and i.i_manager_id=42 and d.d_moy=12 and d.d_year=2001 /*+ hash */ group by i.i_brand, i.i_brand_id order by ext_price desc, i_brand_id limit 100;",1,137.410739821s,137.41020565s,15.717527ms,0ns,100,9191,288274073,0.00%,1775243
"set `compiler.optimize.groupby` 'false';use tpcds; select i_brand_id brand_id, i_brand brand, sum(ss.ss_ext_sales_price) ext_price from date_dim d, store_sales ss, item i where d.d_date_sk = ss.ss_sold_date_sk and ss.ss_item_sk = i.i_item_sk and i.i_manager_id=33 and d.d_moy=11 and d.d_year=2001 group by i.i_brand, i.i_brand_id order by ext_price desc, i_brand_id limit 100;",1,138.54792955s,138.547375785s,16.295379ms,0ns,100,9118,288274073,0.00%,1775243
"set `compiler.optimize.groupby` 'true';use tpcds; select i_brand_id brand_id, i_brand brand, sum(ss.ss_ext_sales_price) ext_price from date_dim d, store_sales ss, item i where d.d_date_sk = ss.ss_sold_date_sk and ss.ss_item_sk = i.i_item_sk and i.i_manager_id=33 and d.d_moy=11 and d.d_year=2001 group by i.i_brand, i.i_brand_id order by ext_price desc, i_brand_id limit 100;",1,138.813009283s,138.81251497s,15.514526ms,0ns,100,9151,288274073,0.00%,1775243
"use tpcds; select i_brand_id brand_id, i_brand brand, sum(ss.ss_ext_sales_price) ext_price from date_dim d, store_sales ss, item i where d.d_date_sk = ss.ss_sold_date_sk and ss.ss_item_sk = i.i_item_sk and i.i_manager_id=33 and d.d_moy=11 and d.d_year=2001 /*+ hash */ group by i.i_brand, i.i_brand_id order by ext_price desc, i_brand_id limit 100;",1,138.360693366s,138.360145928s,24.941797ms,0ns,100,9161,288274073,0.00%,1775243
"set `compiler.optimize.groupby` 'false';use tpcds; select i_brand_id brand_id, i_brand brand, sum(ss.ss_ext_sales_price) ext_price from date_dim d, store_sales ss, item i where d.d_date_sk = ss.ss_sold_date_sk and ss.ss_item_sk = i.i_item_sk and i.i_manager_id=22 and d.d_moy=12 and d.d_year=2000 group by i.i_brand, i.i_brand_id order by ext_price desc, i_brand_id limit 100;",1,137.312388888s,137.311840363s,19.528962ms,0ns,100,9187,288274073,0.00%,1775243
"set `compiler.optimize.groupby` 'true';use tpcds; select i_brand_id brand_id, i_brand brand, sum(ss.ss_ext_sales_price) ext_price from date_dim d, store_sales ss, item i where d.d_date_sk = ss.ss_sold_date_sk and ss.ss_item_sk = i.i_item_sk and i.i_manager_id=22 and d.d_moy=12 and d.d_year=2000 group by i.i_brand, i.i_brand_id order by ext_price desc, i_brand_id limit 100;",1,138.992266118s,138.991661858s,10.824487ms,0ns,100,9184,288274073,0.00%,1775243
"use tpcds; select i_brand_id brand_id, i_brand brand, sum(ss.ss_ext_sales_price) ext_price from date_dim d, store_sales ss, item i where d.d_date_sk = ss.ss_sold_date_sk and ss.ss_item_sk = i.i_item_sk and i.i_manager_id=22 and d.d_moy=12 and d.d_year=2000 /*+ hash */ group by i.i_brand, i.i_brand_id order by ext_price desc, i_brand_id limit 100;",1,138.540022974s,138.539751532s,14.574335ms,0ns,100,9183,288274073,0.00%,1775243
"set `compiler.optimize.groupby` 'false';use tpcds; select i_brand_id brand_id, i_brand brand, sum(ss.ss_ext_sales_price) ext_price from date_dim d, store_sales ss, item i where d.d_date_sk = ss.ss_sold_date_sk and ss.ss_item_sk = i.i_item_sk and i.i_manager_id=69 and d.d_moy=12 and d.d_year=2000 group by i.i_brand, i.i_brand_id order by ext_price desc, i_brand_id limit 100;",1,139.223344081s,139.222825615s,15.220478ms,0ns,100,9287,288274073,0.00%,1775243
"set `compiler.optimize.groupby` 'true';use tpcds; select i_brand_id brand_id, i_brand brand, sum(ss.ss_ext_sales_price) ext_price from date_dim d, store_sales ss, item i where d.d_date_sk = ss.ss_sold_date_sk and ss.ss_item_sk = i.i_item_sk and i.i_manager_id=69 and d.d_moy=12 and d.d_year=2000 group by i.i_brand, i.i_brand_id order by ext_price desc, i_brand_id limit 100;",1,138.047078626s,138.046557255s,22.235374ms,0ns,100,9357,288274073,0.00%,1775243
"use tpcds; select i_brand_id brand_id, i_brand brand, sum(ss.ss_ext_sales_price) ext_price from date_dim d, store_sales ss, item i where d.d_date_sk = ss.ss_sold_date_sk and ss.ss_item_sk = i.i_item_sk and i.i_manager_id=69 and d.d_moy=12 and d.d_year=2000 /*+ hash */ group by i.i_brand, i.i_brand_id order by ext_price desc, i_brand_id limit 100;",1,138.325875476s,138.325385684s,20.728026ms,0ns,100,9314,288274073,0.00%,1775243
"set `compiler.optimize.groupby` 'false';use tpcds; select i_brand_id brand_id, i_brand brand, sum(ss.ss_ext_sales_price) ext_price from date_dim d, store_sales ss, item i where d.d_date_sk = ss.ss_sold_date_sk and ss.ss_item_sk = i.i_item_sk and i.i_manager_id=37 and d.d_moy=12 and d.d_year=2000 group by i.i_brand, i.i_brand_id order by ext_price desc, i_brand_id limit 100;",1,138.368532556s,138.36801866s,22.241682ms,1ms,100,9307,288274073,0.00%,1775243
"set `compiler.optimize.groupby` 'true';use tpcds; select i_brand_id brand_id, i_brand brand, sum(ss.ss_ext_sales_price) ext_price from date_dim d, store_sales ss, item i where d.d_date_sk = ss.ss_sold_date_sk and ss.ss_item_sk = i.i_item_sk and i.i_manager_id=37 and d.d_moy=12 and d.d_year=2000 group by i.i_brand, i.i_brand_id order by ext_price desc, i_brand_id limit 100;",1,138.514869122s,138.514378269s,22.246174ms,0ns,100,9254,288274073,0.00%,1775243
"use tpcds; select i_brand_id brand_id, i_brand brand, sum(ss.ss_ext_sales_price) ext_price from date_dim d, store_sales ss, item i where d.d_date_sk = ss.ss_sold_date_sk and ss.ss_item_sk = i.i_item_sk and i.i_manager_id=37 and d.d_moy=12 and d.d_year=2000 /*+ hash */ group by i.i_brand, i.i_brand_id order by ext_price desc, i_brand_id limit 100;",1,139.322614963s,139.322120472s,11.104408ms,0ns,100,9316,288274073,0.00%,1775243
"set `compiler.optimize.groupby` 'false';use tpcds; select i_brand_id brand_id, i_brand brand, sum(ss.ss_ext_sales_price) ext_price from date_dim d, store_sales ss, item i where d.d_date_sk = ss.ss_sold_date_sk and ss.ss_item_sk = i.i_item_sk and i.i_manager_id=72 and d.d_moy=11 and d.d_year=2001 group by i.i_brand, i.i_brand_id order by ext_price desc, i_brand_id limit 100;",1,139.081245353s,139.080735763s,18.583489ms,1ms,100,9211,288274073,0.00%,1775243
"set `compiler.optimize.groupby` 'true';use tpcds; select i_brand_id brand_id, i_brand brand, sum(ss.ss_ext_sales_price) ext_price from date_dim d, store_sales ss, item i where d.d_date_sk = ss.ss_sold_date_sk and ss.ss_item_sk = i.i_item_sk and i.i_manager_id=72 and d.d_moy=11 and d.d_year=2001 group by i.i_brand, i.i_brand_id order by ext_price desc, i_brand_id limit 100;",1,138.610315464s,138.609828206s,24.029285ms,0ns,100,9287,288274073,0.00%,1775243
"use tpcds; select i_brand_id brand_id, i_brand brand, sum(ss.ss_ext_sales_price) ext_price from date_dim d, store_sales ss, item i where d.d_date_sk = ss.ss_sold_date_sk and ss.ss_item_sk = i.i_item_sk and i.i_manager_id=72 and d.d_moy=11 and d.d_year=2001 /*+ hash */ group by i.i_brand, i.i_brand_id order by ext_price desc, i_brand_id limit 100;",1,138.926715024s,138.926190432s,15.803971ms,0ns,100,9204,288274073,0.00%,1775243
"set `compiler.optimize.groupby` 'false';use tpcds;select dt.d_year,item.i_brand_id brand_id,item.i_brand brand,sum(store_sales.ss_net_profit) sum_agg from date_dim dt ,store_sales ,item where dt.d_date_sk = store_sales.ss_sold_date_sk and store_sales.ss_item_sk = item.i_item_sk and item.i_manufact_id = 438 and dt.d_moy=11 group by dt.d_year ,item.i_brand ,item.i_brand_id order by d_year ,sum_agg desc,brand_id limit 100;",1,145.792198216s,145.791696688s,15.25874ms,0ns,100,10950,288274073,0.00%,1775243
"set `compiler.optimize.groupby` 'true';use tpcds;select dt.d_year,item.i_brand_id brand_id,item.i_brand brand,sum(store_sales.ss_net_profit) sum_agg from date_dim dt ,store_sales ,item where dt.d_date_sk = store_sales.ss_sold_date_sk and store_sales.ss_item_sk = item.i_item_sk and item.i_manufact_id = 438 and dt.d_moy=11 group by dt.d_year ,item.i_brand ,item.i_brand_id order by d_year ,sum_agg desc,brand_id limit 100;",1,145.051323522s,145.050821807s,13.606471ms,0ns,100,10955,288274073,0.00%,1775243
"use tpcds;select dt.d_year,item.i_brand_id brand_id,item.i_brand brand,sum(store_sales.ss_net_profit) sum_agg from date_dim dt ,store_sales ,item where dt.d_date_sk = store_sales.ss_sold_date_sk and store_sales.ss_item_sk = item.i_item_sk and item.i_manufact_id = 438 and dt.d_moy=11 /*+ hash */ group by dt.d_year ,item.i_brand ,item.i_brand_id order by d_year ,sum_agg desc,brand_id limit 100;",1,145.056016061s,145.055205738s,10.18948ms,0ns,100,10992,288274073,0.00%,1775243
"set `compiler.optimize.groupby` 'false';use tpcds;select dt.d_year,item.i_brand_id brand_id,item.i_brand brand,sum(store_sales.ss_ext_discount_amt) sum_agg from date_dim dt ,store_sales ,item where dt.d_date_sk = store_sales.ss_sold_date_sk and store_sales.ss_item_sk = item.i_item_sk and item.i_manufact_id = 76 and dt.d_moy=12 group by dt.d_year ,item.i_brand ,item.i_brand_id order by d_year ,sum_agg desc,brand_id limit 100;",1,150.015477366s,150.014914782s,16.056191ms,0ns,100,10762,288274073,0.00%,1775243
"set `compiler.optimize.groupby` 'true';use tpcds;select dt.d_year,item.i_brand_id brand_id,item.i_brand brand,sum(store_sales.ss_ext_discount_amt) sum_agg from date_dim dt ,store_sales ,item where dt.d_date_sk = store_sales.ss_sold_date_sk and store_sales.ss_item_sk = item.i_item_sk and item.i_manufact_id = 76 and dt.d_moy=12 group by dt.d_year ,item.i_brand ,item.i_brand_id order by d_year ,sum_agg desc,brand_id limit 100;",1,150.414376179s,150.413803774s,19.733333ms,0ns,100,10751,288274073,0.00%,1775243
"use tpcds;select dt.d_year,item.i_brand_id brand_id,item.i_brand brand,sum(store_sales.ss_ext_discount_amt) sum_agg from date_dim dt ,store_sales ,item where dt.d_date_sk = store_sales.ss_sold_date_sk and store_sales.ss_item_sk = item.i_item_sk and item.i_manufact_id = 76 and dt.d_moy=12 /*+ hash */ group by dt.d_year ,item.i_brand ,item.i_brand_id order by d_year ,sum_agg desc,brand_id limit 100;",1,149.513978235s,149.51338353s,21.970908ms,0ns,100,10772,288274073,0.00%,1775243
"set `compiler.optimize.groupby` 'false';use tpcds;select dt.d_year,item.i_brand_id brand_id,item.i_brand brand,sum(store_sales.ss_net_profit) sum_agg from date_dim dt ,store_sales ,item where dt.d_date_sk = store_sales.ss_sold_date_sk and store_sales.ss_item_sk = item.i_item_sk and item.i_manufact_id = 657 and dt.d_moy=12 group by dt.d_year ,item.i_brand ,item.i_brand_id order by d_year ,sum_agg desc,brand_id limit 100;",1,145.017027074s,145.016488707s,16.026486ms,0ns,100,11013,288274073,0.00%,1775243
"set `compiler.optimize.groupby` 'true';use tpcds;select dt.d_year,item.i_brand_id brand_id,item.i_brand brand,sum(store_sales.ss_net_profit) sum_agg from date_dim dt ,store_sales ,item where dt.d_date_sk = store_sales.ss_sold_date_sk and store_sales.ss_item_sk = item.i_item_sk and item.i_manufact_id = 657 and dt.d_moy=12 group by dt.d_year ,item.i_brand ,item.i_brand_id order by d_year ,sum_agg desc,brand_id limit 100;",1,145.673262594s,145.672757425s,23.413612ms,0ns,100,11023,288274073,0.00%,1775243
"use tpcds;select dt.d_year,item.i_brand_id brand_id,item.i_brand brand,sum(store_sales.ss_net_profit) sum_agg from date_dim dt ,store_sales ,item where dt.d_date_sk = store_sales.ss_sold_date_sk and store_sales.ss_item_sk = item.i_item_sk and item.i_manufact_id = 657 and dt.d_moy=12 /*+ hash */ group by dt.d_year ,item.i_brand ,item.i_brand_id order by d_year ,sum_agg desc,brand_id limit 100;",1,145.889815795s,145.889313962s,24.901161ms,0ns,100,10972,288274073,0.00%,1775243
"set `compiler.optimize.groupby` 'false';use tpcds;select dt.d_year,item.i_brand_id brand_id,item.i_brand brand,sum(store_sales.ss_ext_sales_price) sum_agg from date_dim dt ,store_sales ,item where dt.d_date_sk = store_sales.ss_sold_date_sk and store_sales.ss_item_sk = item.i_item_sk and item.i_manufact_id = 531 and dt.d_moy=11 group by dt.d_year ,item.i_brand ,item.i_brand_id order by d_year ,sum_agg desc,brand_id limit 100;",1,147.807851114s,147.807335246s,24.566796ms,0ns,100,10955,288274073,0.00%,1775243
"set `compiler.optimize.groupby` 'true';use tpcds;select dt.d_year,item.i_brand_id brand_id,item.i_brand brand,sum(store_sales.ss_ext_sales_price) sum_agg from date_dim dt ,store_sales ,item where dt.d_date_sk = store_sales.ss_sold_date_sk and store_sales.ss_item_sk = item.i_item_sk and item.i_manufact_id = 531 and dt.d_moy=11 group by dt.d_year ,item.i_brand ,item.i_brand_id order by d_year ,sum_agg desc,brand_id limit 100;",1,152.53777483s,152.537203026s,21.880665ms,0ns,100,10953,288274073,0.00%,1775243
"use tpcds;select dt.d_year,item.i_brand_id brand_id,item.i_brand brand,sum(store_sales.ss_ext_sales_price) sum_agg from date_dim dt ,store_sales ,item where dt.d_date_sk = store_sales.ss_sold_date_sk and store_sales.ss_item_sk = item.i_item_sk and item.i_manufact_id = 531 and dt.d_moy=11 /*+ hash */ group by dt.d_year ,item.i_brand ,item.i_brand_id order by d_year ,sum_agg desc,brand_id limit 100;",1,148.294929753s,148.294367308s,22.602272ms,0ns,100,10911,288274073,0.00%,1775243
"set `compiler.optimize.groupby` 'false';use tpcds;select dt.d_year,item.i_brand_id brand_id,item.i_brand brand,sum(store_sales.ss_net_profit) sum_agg from date_dim dt ,store_sales ,item where dt.d_date_sk = store_sales.ss_sold_date_sk and store_sales.ss_item_sk = item.i_item_sk and item.i_manufact_id = 468 and dt.d_moy=11 group by dt.d_year ,item.i_brand ,item.i_brand_id order by d_year ,sum_agg desc,brand_id limit 100;",1,145.183704282s,145.183152909s,19.086353ms,0ns,100,11025,288274073,0.00%,1775243
"set `compiler.optimize.groupby` 'true';use tpcds;select dt.d_year,item.i_brand_id brand_id,item.i_brand brand,sum(store_sales.ss_net_profit) sum_agg from date_dim dt ,store_sales ,item where dt.d_date_sk = store_sales.ss_sold_date_sk and store_sales.ss_item_sk = item.i_item_sk and item.i_manufact_id = 468 and dt.d_moy=11 group by dt.d_year ,item.i_brand ,item.i_brand_id order by d_year ,sum_agg desc,brand_id limit 100;",1,145.929358868s,145.928839101s,21.626983ms,0ns,100,11021,288274073,0.00%,1775243
"use tpcds;select dt.d_year,item.i_brand_id brand_id,item.i_brand brand,sum(store_sales.ss_net_profit) sum_agg from date_dim dt ,store_sales ,item where dt.d_date_sk = store_sales.ss_sold_date_sk and store_sales.ss_item_sk = item.i_item_sk and item.i_manufact_id = 468 and dt.d_moy=11 /*+ hash */ group by dt.d_year ,item.i_brand ,item.i_brand_id order by d_year ,sum_agg desc,brand_id limit 100;",1,145.873555222s,145.87303611s,26.224542ms,0ns,100,11024,288274073,0.00%,1775243
"set `compiler.optimize.groupby` 'false';use tpcds;select dt.d_year,item.i_brand_id brand_id,item.i_brand brand,sum(store_sales.ss_net_profit) sum_agg from date_dim dt ,store_sales ,item where dt.d_date_sk = store_sales.ss_sold_date_sk and store_sales.ss_item_sk = item.i_item_sk and item.i_manufact_id = 90 and dt.d_moy=12 group by dt.d_year ,item.i_brand ,item.i_brand_id order by d_year ,sum_agg desc,brand_id limit 100;",1,146.003914903s,146.003300413s,12.096252ms,0ns,100,10935,288274073,0.00%,1775243
"set `compiler.optimize.groupby` 'true';use tpcds;select dt.d_year,item.i_brand_id brand_id,item.i_brand brand,sum(store_sales.ss_net_profit) sum_agg from date_dim dt ,store_sales ,item where dt.d_date_sk = store_sales.ss_sold_date_sk and store_sales.ss_item_sk = item.i_item_sk and item.i_manufact_id = 90 and dt.d_moy=12 group by dt.d_year ,item.i_brand ,item.i_brand_id order by d_year ,sum_agg desc,brand_id limit 100;",1,144.857967763s,144.857288756s,24.512006ms,0ns,100,10927,288274073,0.00%,1775243
"use tpcds;select dt.d_year,item.i_brand_id brand_id,item.i_brand brand,sum(store_sales.ss_net_profit) sum_agg from date_dim dt ,store_sales ,item where dt.d_date_sk = store_sales.ss_sold_date_sk and store_sales.ss_item_sk = item.i_item_sk and item.i_manufact_id = 90 and dt.d_moy=12 /*+ hash */ group by dt.d_year ,item.i_brand ,item.i_brand_id order by d_year ,sum_agg desc,brand_id limit 100;",1,147.50313472s,147.502609294s,12.861497ms,0ns,100,10934,288274073,0.00%,1775243
"set `compiler.optimize.groupby` 'false';use tpcds;select dt.d_year,item.i_brand_id brand_id,item.i_brand brand,sum(store_sales.ss_net_profit) sum_agg from date_dim dt ,store_sales ,item where dt.d_date_sk = store_sales.ss_sold_date_sk and store_sales.ss_item_sk = item.i_item_sk and item.i_manufact_id = 376 and dt.d_moy=12 group by dt.d_year ,item.i_brand ,item.i_brand_id order by d_year ,sum_agg desc,brand_id limit 100;",1,145.731621644s,145.730879483s,9.677363ms,0ns,100,10987,288274073,0.00%,1775243
"set `compiler.optimize.groupby` 'true';use tpcds;select dt.d_year,item.i_brand_id brand_id,item.i_brand brand,sum(store_sales.ss_net_profit) sum_agg from date_dim dt ,store_sales ,item where dt.d_date_sk = store_sales.ss_sold_date_sk and store_sales.ss_item_sk = item.i_item_sk and item.i_manufact_id = 376 and dt.d_moy=12 group by dt.d_year ,item.i_brand ,item.i_brand_id order by d_year ,sum_agg desc,brand_id limit 100;",1,146.908997488s,146.908438137s,20.664858ms,0ns,100,10975,288274073,0.00%,1775243
"use tpcds;select dt.d_year,item.i_brand_id brand_id,item.i_brand brand,sum(store_sales.ss_net_profit) sum_agg from date_dim dt ,store_sales ,item where dt.d_date_sk = store_sales.ss_sold_date_sk and store_sales.ss_item_sk = item.i_item_sk and item.i_manufact_id = 376 and dt.d_moy=12 /*+ hash */ group by dt.d_year ,item.i_brand ,item.i_brand_id order by d_year ,sum_agg desc,brand_id limit 100;",1,146.33765568s,146.337154512s,21.879297ms,0ns,100,11000,288274073,0.00%,1775243
"set `compiler.optimize.groupby` 'false';use tpcds;select dt.d_year,item.i_brand_id brand_id,item.i_brand brand,sum(store_sales.ss_net_profit) sum_agg from date_dim dt ,store_sales ,item where dt.d_date_sk = store_sales.ss_sold_date_sk and store_sales.ss_item_sk = item.i_item_sk and item.i_manufact_id = 958 and dt.d_moy=11 group by dt.d_year ,item.i_brand ,item.i_brand_id order by d_year ,sum_agg desc,brand_id limit 100;",1,144.378481822s,144.377925781s,15.123869ms,0ns,100,10949,288274073,0.00%,1775243
"set `compiler.optimize.groupby` 'true';use tpcds;select dt.d_year,item.i_brand_id brand_id,item.i_brand brand,sum(store_sales.ss_net_profit) sum_agg from date_dim dt ,store_sales ,item where dt.d_date_sk = store_sales.ss_sold_date_sk and store_sales.ss_item_sk = item.i_item_sk and item.i_manufact_id = 958 and dt.d_moy=11 group by dt.d_year ,item.i_brand ,item.i_brand_id order by d_year ,sum_agg desc,brand_id limit 100;",1,145.201838966s,145.201327744s,19.774061ms,0ns,100,10929,288274073,0.00%,1775243
"use tpcds;select dt.d_year,item.i_brand_id brand_id,item.i_brand brand,sum(store_sales.ss_net_profit) sum_agg from date_dim dt ,store_sales ,item where dt.d_date_sk = store_sales.ss_sold_date_sk and store_sales.ss_item_sk = item.i_item_sk and item.i_manufact_id = 958 and dt.d_moy=11 /*+ hash */ group by dt.d_year ,item.i_brand ,item.i_brand_id order by d_year ,sum_agg desc,brand_id limit 100;",1,147.36738633s,147.366837944s,21.090965ms,0ns,100,10894,288274073,0.00%,1775243
"set `compiler.optimize.groupby` 'false';use tpcds;select dt.d_year,item.i_brand_id brand_id,item.i_brand brand,sum(store_sales.ss_sales_price) sum_agg from date_dim dt ,store_sales ,item where dt.d_date_sk = store_sales.ss_sold_date_sk and store_sales.ss_item_sk = item.i_item_sk and item.i_manufact_id = 382 and dt.d_moy=11 group by dt.d_year ,item.i_brand ,item.i_brand_id order by d_year ,sum_agg desc,brand_id limit 100;",1,145.059523036s,145.059005032s,24.742295ms,0ns,100,10872,288274073,0.00%,1775243
"set `compiler.optimize.groupby` 'true';use tpcds;select dt.d_year,item.i_brand_id brand_id,item.i_brand brand,sum(store_sales.ss_sales_price) sum_agg from date_dim dt ,store_sales ,item where dt.d_date_sk = store_sales.ss_sold_date_sk and store_sales.ss_item_sk = item.i_item_sk and item.i_manufact_id = 382 and dt.d_moy=11 group by dt.d_year ,item.i_brand ,item.i_brand_id order by d_year ,sum_agg desc,brand_id limit 100;",1,145.631764696s,145.631201475s,10.726171ms,0ns,100,10895,288274073,0.00%,1775243
"use tpcds;select dt.d_year,item.i_brand_id brand_id,item.i_brand brand,sum(store_sales.ss_sales_price) sum_agg from date_dim dt ,store_sales ,item where dt.d_date_sk = store_sales.ss_sold_date_sk and store_sales.ss_item_sk = item.i_item_sk and item.i_manufact_id = 382 and dt.d_moy=11 /*+ hash */ group by dt.d_year ,item.i_brand ,item.i_brand_id order by d_year ,sum_agg desc,brand_id limit 100;",1,144.485501403s,144.484922083s,18.161656ms,0ns,100,10864,288274073,0.00%,1775243
"set `compiler.optimize.groupby` 'false';use tpcds;select dt.d_year,item.i_brand_id brand_id,item.i_brand brand,sum(store_sales.ss_ext_sales_price) sum_agg from date_dim dt ,store_sales ,item where dt.d_date_sk = store_sales.ss_sold_date_sk and store_sales.ss_item_sk = item.i_item_sk and item.i_manufact_id = 252 and dt.d_moy=11 group by dt.d_year ,item.i_brand ,item.i_brand_id order by d_year ,sum_agg desc,brand_id limit 100;",1,147.48118845s,147.480660512s,19.35504ms,0ns,100,10969,288274073,0.00%,1775243
"set `compiler.optimize.groupby` 'true';use tpcds;select dt.d_year,item.i_brand_id brand_id,item.i_brand brand,sum(store_sales.ss_ext_sales_price) sum_agg from date_dim dt ,store_sales ,item where dt.d_date_sk = store_sales.ss_sold_date_sk and store_sales.ss_item_sk = item.i_item_sk and item.i_manufact_id = 252 and dt.d_moy=11 group by dt.d_year ,item.i_brand ,item.i_brand_id order by d_year ,sum_agg desc,brand_id limit 100;",1,147.120555557s,147.120000956s,22.21182ms,0ns,100,10988,288274073,0.00%,1775243
"use tpcds;select dt.d_year,item.i_brand_id brand_id,item.i_brand brand,sum(store_sales.ss_ext_sales_price) sum_agg from date_dim dt ,store_sales ,item where dt.d_date_sk = store_sales.ss_sold_date_sk and store_sales.ss_item_sk = item.i_item_sk and item.i_manufact_id = 252 and dt.d_moy=11 /*+ hash */ group by dt.d_year ,item.i_brand ,item.i_brand_id order by d_year ,sum_agg desc,brand_id limit 100;",1,149.160054377s,149.159533986s,20.046031ms,1ms,100,10968,288274073,0.00%,1775243
"set `compiler.optimize.groupby` 'false';use tpcds; select ca_zip ,sum(cs.cs_sales_price) from catalog_sales cs ,customer c ,customer_address ca,date_dim d where cs.cs_bill_customer_sk = c.c_customer_sk and c.c_current_addr_sk = ca.ca_address_sk and ( substr(ca.ca_zip,0,5) in ['85669', '86197','88274','83405','86475','85392', '85460', '80348', '81792'] or ca.ca_state in ['ca','wa','ga'] or cs.cs_sales_price > 500) and cs.cs_sold_date_sk = d.d_date_sk and d.d_qoy = 2 and d.d_year = 1999 group by ca.ca_zip order by ca_zip limit 100;",1,102.102805685s,102.100463985s,19.196133ms,0ns,4,192,147070114,0.00%,1345805
"set `compiler.optimize.groupby` 'true';use tpcds; select ca_zip ,sum(cs.cs_sales_price) from catalog_sales cs ,customer c ,customer_address ca,date_dim d where cs.cs_bill_customer_sk = c.c_customer_sk and c.c_current_addr_sk = ca.ca_address_sk and ( substr(ca.ca_zip,0,5) in ['85669', '86197','88274','83405','86475','85392', '85460', '80348', '81792'] or ca.ca_state in ['ca','wa','ga'] or cs.cs_sales_price > 500) and cs.cs_sold_date_sk = d.d_date_sk and d.d_qoy = 2 and d.d_year = 1999 group by ca.ca_zip order by ca_zip limit 100;",1,102.219833434s,102.219056398s,20.382642ms,0ns,4,192,147070114,0.00%,1345805
"use tpcds; select ca_zip ,sum(cs.cs_sales_price) from catalog_sales cs ,customer c ,customer_address ca,date_dim d where cs.cs_bill_customer_sk = c.c_customer_sk and c.c_current_addr_sk = ca.ca_address_sk and ( substr(ca.ca_zip,0,5) in ['85669', '86197','88274','83405','86475','85392', '85460', '80348', '81792'] or ca.ca_state in ['ca','wa','ga'] or cs.cs_sales_price > 500) and cs.cs_sold_date_sk = d.d_date_sk and d.d_qoy = 2 and d.d_year = 1999 /*+ hash */ group by ca.ca_zip order by ca_zip limit 100;",1,102.677116293s,102.676397238s,14.922842ms,0ns,4,191,147070114,0.00%,1345805
"set `compiler.optimize.groupby` 'false';use tpcds; select ca_zip ,sum(cs.cs_sales_price) from catalog_sales cs ,customer c ,customer_address ca,date_dim d where cs.cs_bill_customer_sk = c.c_customer_sk and c.c_current_addr_sk = ca.ca_address_sk and ( substr(ca.ca_zip,0,5) in ['85669', '86197','88274','83405','86475','85392', '85460', '80348', '81792'] or ca.ca_state in ['ca','wa','ga'] or cs.cs_sales_price > 500) and cs.cs_sold_date_sk = d.d_date_sk and d.d_qoy = 1 and d.d_year = 2001 group by ca.ca_zip order by ca_zip limit 100;",1,100.576746913s,100.575969886s,15.852016ms,0ns,7,328,147070114,0.00%,1345805
"set `compiler.optimize.groupby` 'true';use tpcds; select ca_zip ,sum(cs.cs_sales_price) from catalog_sales cs ,customer c ,customer_address ca,date_dim d where cs.cs_bill_customer_sk = c.c_customer_sk and c.c_current_addr_sk = ca.ca_address_sk and ( substr(ca.ca_zip,0,5) in ['85669', '86197','88274','83405','86475','85392', '85460', '80348', '81792'] or ca.ca_state in ['ca','wa','ga'] or cs.cs_sales_price > 500) and cs.cs_sold_date_sk = d.d_date_sk and d.d_qoy = 1 and d.d_year = 2001 group by ca.ca_zip order by ca_zip limit 100;",1,100.769577351s,100.768566773s,15.156164ms,1ms,7,351,147070114,0.00%,1345805
"use tpcds; select ca_zip ,sum(cs.cs_sales_price) from catalog_sales cs ,customer c ,customer_address ca,date_dim d where cs.cs_bill_customer_sk = c.c_customer_sk and c.c_current_addr_sk = ca.ca_address_sk and ( substr(ca.ca_zip,0,5) in ['85669', '86197','88274','83405','86475','85392', '85460', '80348', '81792'] or ca.ca_state in ['ca','wa','ga'] or cs.cs_sales_price > 500) and cs.cs_sold_date_sk = d.d_date_sk and d.d_qoy = 1 and d.d_year = 2001 /*+ hash */ group by ca.ca_zip order by ca_zip limit 100;",1,102.460161059s,102.459354857s,15.752617ms,0ns,7,351,147070114,0.00%,1345805
"set `compiler.optimize.groupby` 'false';use tpcds; select ca_zip ,sum(cs.cs_sales_price) from catalog_sales cs ,customer c ,customer_address ca,date_dim d where cs.cs_bill_customer_sk = c.c_customer_sk and c.c_current_addr_sk = ca.ca_address_sk and ( substr(ca.ca_zip,0,5) in ['85669', '86197','88274','83405','86475','85392', '85460', '80348', '81792'] or ca.ca_state in ['ca','wa','ga'] or cs.cs_sales_price > 500) and cs.cs_sold_date_sk = d.d_date_sk and d.d_qoy = 2 and d.d_year = 2000 group by ca.ca_zip order by ca_zip limit 100;",1,100.220883684s,100.220216424s,18.422764ms,0ns,8,406,147070114,0.00%,1345805
"set `compiler.optimize.groupby` 'true';use tpcds; select ca_zip ,sum(cs.cs_sales_price) from catalog_sales cs ,customer c ,customer_address ca,date_dim d where cs.cs_bill_customer_sk = c.c_customer_sk and c.c_current_addr_sk = ca.ca_address_sk and ( substr(ca.ca_zip,0,5) in ['85669', '86197','88274','83405','86475','85392', '85460', '80348', '81792'] or ca.ca_state in ['ca','wa','ga'] or cs.cs_sales_price > 500) and cs.cs_sold_date_sk = d.d_date_sk and d.d_qoy = 2 and d.d_year = 2000 group by ca.ca_zip order by ca_zip limit 100;",1,100.628667043s,100.627996299s,17.490492ms,0ns,8,416,147070114,0.00%,1345805
"use tpcds; select ca_zip ,sum(cs.cs_sales_price) from catalog_sales cs ,customer c ,customer_address ca,date_dim d where cs.cs_bill_customer_sk = c.c_customer_sk and c.c_current_addr_sk = ca.ca_address_sk and ( substr(ca.ca_zip,0,5) in ['85669', '86197','88274','83405','86475','85392', '85460', '80348', '81792'] or ca.ca_state in ['ca','wa','ga'] or cs.cs_sales_price > 500) and cs.cs_sold_date_sk = d.d_date_sk and d.d_qoy = 2 and d.d_year = 2000 /*+ hash */ group by ca.ca_zip order by ca_zip limit 100;",1,100.979684054s,100.978965344s,20.133507ms,0ns,8,406,147070114,0.00%,1345805
"set `compiler.optimize.groupby` 'false';use tpcds; select ca_zip ,sum(cs.cs_sales_price) from catalog_sales cs ,customer c ,customer_address ca,date_dim d where cs.cs_bill_customer_sk = c.c_customer_sk and c.c_current_addr_sk = ca.ca_address_sk and ( substr(ca.ca_zip,0,5) in ['85669', '86197','88274','83405','86475','85392', '85460', '80348', '81792'] or ca.ca_state in ['ca','wa','ga'] or cs.cs_sales_price > 500) and cs.cs_sold_date_sk = d.d_date_sk and d.d_qoy = 2 and d.d_year = 2001 group by ca.ca_zip order by ca_zip limit 100;",1,100.941536691s,100.940875124s,17.367712ms,0ns,6,276,147070114,0.00%,1345805
"set `compiler.optimize.groupby` 'true';use tpcds; select ca_zip ,sum(cs.cs_sales_price) from catalog_sales cs ,customer c ,customer_address ca,date_dim d where cs.cs_bill_customer_sk = c.c_customer_sk and c.c_current_addr_sk = ca.ca_address_sk and ( substr(ca.ca_zip,0,5) in ['85669', '86197','88274','83405','86475','85392', '85460', '80348', '81792'] or ca.ca_state in ['ca','wa','ga'] or cs.cs_sales_price > 500) and cs.cs_sold_date_sk = d.d_date_sk and d.d_qoy = 2 and d.d_year = 2001 group by ca.ca_zip order by ca_zip limit 100;",1,100.838508482s,100.837819877s,16.220289ms,0ns,6,287,147070114,0.00%,1345805
"use tpcds; select ca_zip ,sum(cs.cs_sales_price) from catalog_sales cs ,customer c ,customer_address ca,date_dim d where cs.cs_bill_customer_sk = c.c_customer_sk and c.c_current_addr_sk = ca.ca_address_sk and ( substr(ca.ca_zip,0,5) in ['85669', '86197','88274','83405','86475','85392', '85460', '80348', '81792'] or ca.ca_state in ['ca','wa','ga'] or cs.cs_sales_price > 500) and cs.cs_sold_date_sk = d.d_date_sk and d.d_qoy = 2 and d.d_year = 2001 /*+ hash */ group by ca.ca_zip order by ca_zip limit 100;",1,102.370409958s,102.369734908s,22.610538ms,0ns,6,287,147070114,0.00%,1345805
"set `compiler.optimize.groupby` 'false';use tpcds; select ca_zip ,sum(cs.cs_sales_price) from catalog_sales cs ,customer c ,customer_address ca,date_dim d where cs.cs_bill_customer_sk = c.c_customer_sk and c.c_current_addr_sk = ca.ca_address_sk and ( substr(ca.ca_zip,0,5) in ['85669', '86197','88274','83405','86475','85392', '85460', '80348', '81792'] or ca.ca_state in ['ca','wa','ga'] or cs.cs_sales_price > 500) and cs.cs_sold_date_sk = d.d_date_sk and d.d_qoy = 2 and d.d_year = 2000 group by ca.ca_zip order by ca_zip limit 100;",1,102.131565081s,102.130862448s,20.645556ms,0ns,8,416,147070114,0.00%,1345805
"set `compiler.optimize.groupby` 'true';use tpcds; select ca_zip ,sum(cs.cs_sales_price) from catalog_sales cs ,customer c ,customer_address ca,date_dim d where cs.cs_bill_customer_sk = c.c_customer_sk and c.c_current_addr_sk = ca.ca_address_sk and ( substr(ca.ca_zip,0,5) in ['85669', '86197','88274','83405','86475','85392', '85460', '80348', '81792'] or ca.ca_state in ['ca','wa','ga'] or cs.cs_sales_price > 500) and cs.cs_sold_date_sk = d.d_date_sk and d.d_qoy = 2 and d.d_year = 2000 group by ca.ca_zip order by ca_zip limit 100;",1,101.024158189s,101.023447693s,21.464531ms,0ns,8,416,147070114,0.00%,1345805
"use tpcds; select ca_zip ,sum(cs.cs_sales_price) from catalog_sales cs ,customer c ,customer_address ca,date_dim d where cs.cs_bill_customer_sk = c.c_customer_sk and c.c_current_addr_sk = ca.ca_address_sk and ( substr(ca.ca_zip,0,5) in ['85669', '86197','88274','83405','86475','85392', '85460', '80348', '81792'] or ca.ca_state in ['ca','wa','ga'] or cs.cs_sales_price > 500) and cs.cs_sold_date_sk = d.d_date_sk and d.d_qoy = 2 and d.d_year = 2000 /*+ hash */ group by ca.ca_zip order by ca_zip limit 100;",1,102.437667135s,102.436953442s,16.500346ms,0ns,8,417,147070114,0.00%,1345805
"set `compiler.optimize.groupby` 'false';use tpcds; select ca_zip ,sum(cs.cs_sales_price) from catalog_sales cs ,customer c ,customer_address ca,date_dim d where cs.cs_bill_customer_sk = c.c_customer_sk and c.c_current_addr_sk = ca.ca_address_sk and ( substr(ca.ca_zip,0,5) in ['85669', '86197','88274','83405','86475','85392', '85460', '80348', '81792'] or ca.ca_state in ['ca','wa','ga'] or cs.cs_sales_price > 500) and cs.cs_sold_date_sk = d.d_date_sk and d.d_qoy = 2 and d.d_year = 2000 group by ca.ca_zip order by ca_zip limit 100;",1,101.995916832s,101.995262461s,16.2832ms,0ns,8,416,147070114,0.00%,1345805
"set `compiler.optimize.groupby` 'true';use tpcds; select ca_zip ,sum(cs.cs_sales_price) from catalog_sales cs ,customer c ,customer_address ca,date_dim d where cs.cs_bill_customer_sk = c.c_customer_sk and c.c_current_addr_sk = ca.ca_address_sk and ( substr(ca.ca_zip,0,5) in ['85669', '86197','88274','83405','86475','85392', '85460', '80348', '81792'] or ca.ca_state in ['ca','wa','ga'] or cs.cs_sales_price > 500) and cs.cs_sold_date_sk = d.d_date_sk and d.d_qoy = 2 and d.d_year = 2000 group by ca.ca_zip order by ca_zip limit 100;",1,100.226887472s,100.226009728s,14.444932ms,0ns,8,406,147070114,0.00%,1345805
"use tpcds; select ca_zip ,sum(cs.cs_sales_price) from catalog_sales cs ,customer c ,customer_address ca,date_dim d where cs.cs_bill_customer_sk = c.c_customer_sk and c.c_current_addr_sk = ca.ca_address_sk and ( substr(ca.ca_zip,0,5) in ['85669', '86197','88274','83405','86475','85392', '85460', '80348', '81792'] or ca.ca_state in ['ca','wa','ga'] or cs.cs_sales_price > 500) and cs.cs_sold_date_sk = d.d_date_sk and d.d_qoy = 2 and d.d_year = 2000 /*+ hash */ group by ca.ca_zip order by ca_zip limit 100;",1,100.782295915s,100.781557953s,18.616173ms,1ms,8,406,147070114,0.00%,1345805
"set `compiler.optimize.groupby` 'false';use tpcds; select ca_zip ,sum(cs.cs_sales_price) from catalog_sales cs ,customer c ,customer_address ca,date_dim d where cs.cs_bill_customer_sk = c.c_customer_sk and c.c_current_addr_sk = ca.ca_address_sk and ( substr(ca.ca_zip,0,5) in ['85669', '86197','88274','83405','86475','85392', '85460', '80348', '81792'] or ca.ca_state in ['ca','wa','ga'] or cs.cs_sales_price > 500) and cs.cs_sold_date_sk = d.d_date_sk and d.d_qoy = 2 and d.d_year = 1998 group by ca.ca_zip order by ca_zip limit 100;",1,101.771452997s,101.770772783s,10.106304ms,0ns,6,290,147070114,0.00%,1345805
"set `compiler.optimize.groupby` 'true';use tpcds; select ca_zip ,sum(cs.cs_sales_price) from catalog_sales cs ,customer c ,customer_address ca,date_dim d where cs.cs_bill_customer_sk = c.c_customer_sk and c.c_current_addr_sk = ca.ca_address_sk and ( substr(ca.ca_zip,0,5) in ['85669', '86197','88274','83405','86475','85392', '85460', '80348', '81792'] or ca.ca_state in ['ca','wa','ga'] or cs.cs_sales_price > 500) and cs.cs_sold_date_sk = d.d_date_sk and d.d_qoy = 2 and d.d_year = 1998 group by ca.ca_zip order by ca_zip limit 100;",1,100.860872859s,100.860107621s,17.47155ms,0ns,6,290,147070114,0.00%,1345805
"use tpcds; select ca_zip ,sum(cs.cs_sales_price) from catalog_sales cs ,customer c ,customer_address ca,date_dim d where cs.cs_bill_customer_sk = c.c_customer_sk and c.c_current_addr_sk = ca.ca_address_sk and ( substr(ca.ca_zip,0,5) in ['85669', '86197','88274','83405','86475','85392', '85460', '80348', '81792'] or ca.ca_state in ['ca','wa','ga'] or cs.cs_sales_price > 500) and cs.cs_sold_date_sk = d.d_date_sk and d.d_qoy = 2 and d.d_year = 1998 /*+ hash */ group by ca.ca_zip order by ca_zip limit 100;",1,102.538078262s,102.537345529s,10.250873ms,0ns,6,300,147070114,0.00%,1345805
"set `compiler.optimize.groupby` 'false';use tpcds; select ca_zip ,sum(cs.cs_sales_price) from catalog_sales cs ,customer c ,customer_address ca,date_dim d where cs.cs_bill_customer_sk = c.c_customer_sk and c.c_current_addr_sk = ca.ca_address_sk and ( substr(ca.ca_zip,0,5) in ['85669', '86197','88274','83405','86475','85392', '85460', '80348', '81792'] or ca.ca_state in ['ca','wa','ga'] or cs.cs_sales_price > 500) and cs.cs_sold_date_sk = d.d_date_sk and d.d_qoy = 1 and d.d_year = 1999 group by ca.ca_zip order by ca_zip limit 100;",1,102.024420185s,102.023630412s,16.378376ms,0ns,6,288,147070114,0.00%,1345805
"set `compiler.optimize.groupby` 'true';use tpcds; select ca_zip ,sum(cs.cs_sales_price) from catalog_sales cs ,customer c ,customer_address ca,date_dim d where cs.cs_bill_customer_sk = c.c_customer_sk and c.c_current_addr_sk = ca.ca_address_sk and ( substr(ca.ca_zip,0,5) in ['85669', '86197','88274','83405','86475','85392', '85460', '80348', '81792'] or ca.ca_state in ['ca','wa','ga'] or cs.cs_sales_price > 500) and cs.cs_sold_date_sk = d.d_date_sk and d.d_qoy = 1 and d.d_year = 1999 group by ca.ca_zip order by ca_zip limit 100;",1,102.936763433s,102.936060181s,20.72993ms,0ns,6,277,147070114,0.00%,1345805
"use tpcds; select ca_zip ,sum(cs.cs_sales_price) from catalog_sales cs ,customer c ,customer_address ca,date_dim d where cs.cs_bill_customer_sk = c.c_customer_sk and c.c_current_addr_sk = ca.ca_address_sk and ( substr(ca.ca_zip,0,5) in ['85669', '86197','88274','83405','86475','85392', '85460', '80348', '81792'] or ca.ca_state in ['ca','wa','ga'] or cs.cs_sales_price > 500) and cs.cs_sold_date_sk = d.d_date_sk and d.d_qoy = 1 and d.d_year = 1999 /*+ hash */ group by ca.ca_zip order by ca_zip limit 100;",1,101.350139922s,101.349446736s,17.785963ms,0ns,6,277,147070114,0.00%,1345805
"set `compiler.optimize.groupby` 'false';use tpcds; select ca_zip ,sum(cs.cs_sales_price) from catalog_sales cs ,customer c ,customer_address ca,date_dim d where cs.cs_bill_customer_sk = c.c_customer_sk and c.c_current_addr_sk = ca.ca_address_sk and ( substr(ca.ca_zip,0,5) in ['85669', '86197','88274','83405','86475','85392', '85460', '80348', '81792'] or ca.ca_state in ['ca','wa','ga'] or cs.cs_sales_price > 500) and cs.cs_sold_date_sk = d.d_date_sk and d.d_qoy = 2 and d.d_year = 2000 group by ca.ca_zip order by ca_zip limit 100;",1,102.1856075s,102.184829692s,20.33051ms,0ns,8,416,147070114,0.00%,1345805
"set `compiler.optimize.groupby` 'true';use tpcds; select ca_zip ,sum(cs.cs_sales_price) from catalog_sales cs ,customer c ,customer_address ca,date_dim d where cs.cs_bill_customer_sk = c.c_customer_sk and c.c_current_addr_sk = ca.ca_address_sk and ( substr(ca.ca_zip,0,5) in ['85669', '86197','88274','83405','86475','85392', '85460', '80348', '81792'] or ca.ca_state in ['ca','wa','ga'] or cs.cs_sales_price > 500) and cs.cs_sold_date_sk = d.d_date_sk and d.d_qoy = 2 and d.d_year = 2000 group by ca.ca_zip order by ca_zip limit 100;",1,101.670333954s,101.66967113s,22.949548ms,0ns,8,406,147070114,0.00%,1345805
"use tpcds; select ca_zip ,sum(cs.cs_sales_price) from catalog_sales cs ,customer c ,customer_address ca,date_dim d where cs.cs_bill_customer_sk = c.c_customer_sk and c.c_current_addr_sk = ca.ca_address_sk and ( substr(ca.ca_zip,0,5) in ['85669', '86197','88274','83405','86475','85392', '85460', '80348', '81792'] or ca.ca_state in ['ca','wa','ga'] or cs.cs_sales_price > 500) and cs.cs_sold_date_sk = d.d_date_sk and d.d_qoy = 2 and d.d_year = 2000 /*+ hash */ group by ca.ca_zip order by ca_zip limit 100;",1,101.365860185s,101.365151157s,18.907649ms,0ns,8,416,147070114,0.00%,1345805
"set `compiler.optimize.groupby` 'false';use tpcds; select ca_zip ,sum(cs.cs_sales_price) from catalog_sales cs ,customer c ,customer_address ca,date_dim d where cs.cs_bill_customer_sk = c.c_customer_sk and c.c_current_addr_sk = ca.ca_address_sk and ( substr(ca.ca_zip,0,5) in ['85669', '86197','88274','83405','86475','85392', '85460', '80348', '81792'] or ca.ca_state in ['ca','wa','ga'] or cs.cs_sales_price > 500) and cs.cs_sold_date_sk = d.d_date_sk and d.d_qoy = 1 and d.d_year = 2002 group by ca.ca_zip order by ca_zip limit 100;",1,102.055905448s,102.055237824s,16.381281ms,0ns,6,286,147070114,0.00%,1345805
"set `compiler.optimize.groupby` 'true';use tpcds; select ca_zip ,sum(cs.cs_sales_price) from catalog_sales cs ,customer c ,customer_address ca,date_dim d where cs.cs_bill_customer_sk = c.c_customer_sk and c.c_current_addr_sk = ca.ca_address_sk and ( substr(ca.ca_zip,0,5) in ['85669', '86197','88274','83405','86475','85392', '85460', '80348', '81792'] or ca.ca_state in ['ca','wa','ga'] or cs.cs_sales_price > 500) and cs.cs_sold_date_sk = d.d_date_sk and d.d_qoy = 1 and d.d_year = 2002 group by ca.ca_zip order by ca_zip limit 100;",1,100.278659679s,100.277722035s,13.909233ms,0ns,6,298,147070114,0.00%,1345805
"use tpcds; select ca_zip ,sum(cs.cs_sales_price) from catalog_sales cs ,customer c ,customer_address ca,date_dim d where cs.cs_bill_customer_sk = c.c_customer_sk and c.c_current_addr_sk = ca.ca_address_sk and ( substr(ca.ca_zip,0,5) in ['85669', '86197','88274','83405','86475','85392', '85460', '80348', '81792'] or ca.ca_state in ['ca','wa','ga'] or cs.cs_sales_price > 500) and cs.cs_sold_date_sk = d.d_date_sk and d.d_qoy = 1 and d.d_year = 2002 /*+ hash */ group by ca.ca_zip order by ca_zip limit 100;",1,101.757581494s,101.756884643s,19.666901ms,0ns,6,286,147070114,0.00%,1345805
"set `compiler.optimize.groupby` 'false';use tpcds;select i_item_id,i_item_desc,i_current_price from item i, inventory inv, date_dim d, catalog_sales cs where i.i_current_price >= 38 and i.i_current_price <= 68 and inv.inv_item_sk = i.i_item_sk and d.d_date_sk=inv.inv_date_sk and date(d.d_date) >= '2002-05-31' and date(d.d_date) <= '2002-07-30' and i.i_manufact_id in (839, 941, 701, 684) and inv.inv_quantity_on_hand >= 100 and inv.inv_quantity_on_hand <= 500 and cs.cs_item_sk = i.i_item_sk group by i.i_item_id, i.i_item_desc, i.i_current_price order by i_item_id limit 100;",1,155.131707263s,155.131097718s,29.693696ms,0ns,0,0,543604114,0.00%,1986940
"set `compiler.optimize.groupby` 'true';use tpcds;select i_item_id,i_item_desc,i_current_price from item i, inventory inv, date_dim d, catalog_sales cs where i.i_current_price >= 38 and i.i_current_price <= 68 and inv.inv_item_sk = i.i_item_sk and d.d_date_sk=inv.inv_date_sk and date(d.d_date) >= '2002-05-31' and date(d.d_date) <= '2002-07-30' and i.i_manufact_id in (839, 941, 701, 684) and inv.inv_quantity_on_hand >= 100 and inv.inv_quantity_on_hand <= 500 and cs.cs_item_sk = i.i_item_sk group by i.i_item_id, i.i_item_desc, i.i_current_price order by i_item_id limit 100;",1,155.633984542s,155.633366199s,19.051777ms,0ns,0,0,543604114,0.00%,1986940
"use tpcds;select i_item_id,i_item_desc,i_current_price from item i, inventory inv, date_dim d, catalog_sales cs where i.i_current_price >= 38 and i.i_current_price <= 68 and inv.inv_item_sk = i.i_item_sk and d.d_date_sk=inv.inv_date_sk and date(d.d_date) >= '2002-05-31' and date(d.d_date) <= '2002-07-30' and i.i_manufact_id in (839, 941, 701, 684) and inv.inv_quantity_on_hand >= 100 and inv.inv_quantity_on_hand <= 500 and cs.cs_item_sk = i.i_item_sk /*+ hash */ group by i.i_item_id, i.i_item_desc, i.i_current_price order by i_item_id limit 100;",1,155.92265299s,155.922059925s,19.114884ms,0ns,0,0,543604114,0.00%,1986940
"set `compiler.optimize.groupby` 'false';use tpcds;select i_item_id,i_item_desc,i_current_price from item i, inventory inv, date_dim d, catalog_sales cs where i.i_current_price >= 20 and i.i_current_price <= 50 and inv.inv_item_sk = i.i_item_sk and d.d_date_sk=inv.inv_date_sk and date(d.d_date) >= '2002-04-26' and date(d.d_date) <= '2002-06-25' and i.i_manufact_id in (991, 881, 886, 872) and inv.inv_quantity_on_hand >= 100 and inv.inv_quantity_on_hand <= 500 and cs.cs_item_sk = i.i_item_sk group by i.i_item_id, i.i_item_desc, i.i_current_price order by i_item_id limit 100;",1,155.637864927s,155.637234851s,19.453191ms,0ns,0,0,543604114,0.00%,1986940
"set `compiler.optimize.groupby` 'true';use tpcds;select i_item_id,i_item_desc,i_current_price from item i, inventory inv, date_dim d, catalog_sales cs where i.i_current_price >= 20 and i.i_current_price <= 50 and inv.inv_item_sk = i.i_item_sk and d.d_date_sk=inv.inv_date_sk and date(d.d_date) >= '2002-04-26' and date(d.d_date) <= '2002-06-25' and i.i_manufact_id in (991, 881, 886, 872) and inv.inv_quantity_on_hand >= 100 and inv.inv_quantity_on_hand <= 500 and cs.cs_item_sk = i.i_item_sk group by i.i_item_id, i.i_item_desc, i.i_current_price order by i_item_id limit 100;",1,155.305749478s,155.305173938s,16.030511ms,0ns,0,0,543604114,0.00%,1986940
"use tpcds;select i_item_id,i_item_desc,i_current_price from item i, inventory inv, date_dim d, catalog_sales cs where i.i_current_price >= 20 and i.i_current_price <= 50 and inv.inv_item_sk = i.i_item_sk and d.d_date_sk=inv.inv_date_sk and date(d.d_date) >= '2002-04-26' and date(d.d_date) <= '2002-06-25' and i.i_manufact_id in (991, 881, 886, 872) and inv.inv_quantity_on_hand >= 100 and inv.inv_quantity_on_hand <= 500 and cs.cs_item_sk = i.i_item_sk /*+ hash */ group by i.i_item_id, i.i_item_desc, i.i_current_price order by i_item_id limit 100;",1,155.413707486s,155.413161229s,20.692806ms,0ns,0,0,543604114,0.00%,1986940
"set `compiler.optimize.groupby` 'false';use tpcds;select i_item_id,i_item_desc,i_current_price from item i, inventory inv, date_dim d, catalog_sales cs where i.i_current_price >= 34 and i.i_current_price <= 64 and inv.inv_item_sk = i.i_item_sk and d.d_date_sk=inv.inv_date_sk and date(d.d_date) >= '1998-07-05' and date(d.d_date) <= '1998-09-03' and i.i_manufact_id in (681, 775, 861, 673) and inv.inv_quantity_on_hand >= 100 and inv.inv_quantity_on_hand <= 500 and cs.cs_item_sk = i.i_item_sk group by i.i_item_id, i.i_item_desc, i.i_current_price order by i_item_id limit 100;",1,155.239223714s,155.238686271s,19.18117ms,0ns,0,0,543604114,0.00%,1986940
"set `compiler.optimize.groupby` 'true';use tpcds;select i_item_id,i_item_desc,i_current_price from item i, inventory inv, date_dim d, catalog_sales cs where i.i_current_price >= 34 and i.i_current_price <= 64 and inv.inv_item_sk = i.i_item_sk and d.d_date_sk=inv.inv_date_sk and date(d.d_date) >= '1998-07-05' and date(d.d_date) <= '1998-09-03' and i.i_manufact_id in (681, 775, 861, 673) and inv.inv_quantity_on_hand >= 100 and inv.inv_quantity_on_hand <= 500 and cs.cs_item_sk = i.i_item_sk group by i.i_item_id, i.i_item_desc, i.i_current_price order by i_item_id limit 100;",1,156.184035343s,156.18342179s,19.238825ms,0ns,0,0,543604114,0.00%,1986940
"use tpcds;select i_item_id,i_item_desc,i_current_price from item i, inventory inv, date_dim d, catalog_sales cs where i.i_current_price >= 34 and i.i_current_price <= 64 and inv.inv_item_sk = i.i_item_sk and d.d_date_sk=inv.inv_date_sk and date(d.d_date) >= '1998-07-05' and date(d.d_date) <= '1998-09-03' and i.i_manufact_id in (681, 775, 861, 673) and inv.inv_quantity_on_hand >= 100 and inv.inv_quantity_on_hand <= 500 and cs.cs_item_sk = i.i_item_sk /*+ hash */ group by i.i_item_id, i.i_item_desc, i.i_current_price order by i_item_id limit 100;",1,156.096848836s,156.09622923s,23.777217ms,0ns,0,0,543604114,0.00%,1986940
"set `compiler.optimize.groupby` 'false';use tpcds;select i_item_id,i_item_desc,i_current_price from item i, inventory inv, date_dim d, catalog_sales cs where i.i_current_price >= 55 and i.i_current_price <= 85 and inv.inv_item_sk = i.i_item_sk and d.d_date_sk=inv.inv_date_sk and date(d.d_date) >= '1998-03-04' and date(d.d_date) <= '1998-05-03' and i.i_manufact_id in (873, 747, 955, 749) and inv.inv_quantity_on_hand >= 100 and inv.inv_quantity_on_hand <= 500 and cs.cs_item_sk = i.i_item_sk group by i.i_item_id, i.i_item_desc, i.i_current_price order by i_item_id limit 100;",1,154.570765432s,154.570221313s,18.312834ms,0ns,0,0,543604114,0.00%,1986940
"set `compiler.optimize.groupby` 'true';use tpcds;select i_item_id,i_item_desc,i_current_price from item i, inventory inv, date_dim d, catalog_sales cs where i.i_current_price >= 55 and i.i_current_price <= 85 and inv.inv_item_sk = i.i_item_sk and d.d_date_sk=inv.inv_date_sk and date(d.d_date) >= '1998-03-04' and date(d.d_date) <= '1998-05-03' and i.i_manufact_id in (873, 747, 955, 749) and inv.inv_quantity_on_hand >= 100 and inv.inv_quantity_on_hand <= 500 and cs.cs_item_sk = i.i_item_sk group by i.i_item_id, i.i_item_desc, i.i_current_price order by i_item_id limit 100;",1,155.190880182s,155.190282083s,23.193376ms,0ns,0,0,543604114,0.00%,1986940
"use tpcds;select i_item_id,i_item_desc,i_current_price from item i, inventory inv, date_dim d, catalog_sales cs where i.i_current_price >= 55 and i.i_current_price <= 85 and inv.inv_item_sk = i.i_item_sk and d.d_date_sk=inv.inv_date_sk and date(d.d_date) >= '1998-03-04' and date(d.d_date) <= '1998-05-03' and i.i_manufact_id in (873, 747, 955, 749) and inv.inv_quantity_on_hand >= 100 and inv.inv_quantity_on_hand <= 500 and cs.cs_item_sk = i.i_item_sk /*+ hash */ group by i.i_item_id, i.i_item_desc, i.i_current_price order by i_item_id limit 100;",1,159.307018888s,159.30646012s,17.730828ms,0ns,0,0,543604114,0.00%,1986940
"set `compiler.optimize.groupby` 'false';use tpcds;select i_item_id,i_item_desc,i_current_price from item i, inventory inv, date_dim d, catalog_sales cs where i.i_current_price >= 27 and i.i_current_price <= 57 and inv.inv_item_sk = i.i_item_sk and d.d_date_sk=inv.inv_date_sk and date(d.d_date) >= '2002-05-02' and date(d.d_date) <= '2002-07-01' and i.i_manufact_id in (689, 703, 824, 883) and inv.inv_quantity_on_hand >= 100 and inv.inv_quantity_on_hand <= 500 and cs.cs_item_sk = i.i_item_sk group by i.i_item_id, i.i_item_desc, i.i_current_price order by i_item_id limit 100;",1,155.686098518s,155.685558985s,19.981014ms,0ns,0,0,543604114,0.00%,1986940
"set `compiler.optimize.groupby` 'true';use tpcds;select i_item_id,i_item_desc,i_current_price from item i, inventory inv, date_dim d, catalog_sales cs where i.i_current_price >= 27 and i.i_current_price <= 57 and inv.inv_item_sk = i.i_item_sk and d.d_date_sk=inv.inv_date_sk and date(d.d_date) >= '2002-05-02' and date(d.d_date) <= '2002-07-01' and i.i_manufact_id in (689, 703, 824, 883) and inv.inv_quantity_on_hand >= 100 and inv.inv_quantity_on_hand <= 500 and cs.cs_item_sk = i.i_item_sk group by i.i_item_id, i.i_item_desc, i.i_current_price order by i_item_id limit 100;",1,156.158958128s,156.158353438s,28.908349ms,0ns,0,0,543604114,0.00%,1986940
"use tpcds;select i_item_id,i_item_desc,i_current_price from item i, inventory inv, date_dim d, catalog_sales cs where i.i_current_price >= 27 and i.i_current_price <= 57 and inv.inv_item_sk = i.i_item_sk and d.d_date_sk=inv.inv_date_sk and date(d.d_date) >= '2002-05-02' and date(d.d_date) <= '2002-07-01' and i.i_manufact_id in (689, 703, 824, 883) and inv.inv_quantity_on_hand >= 100 and inv.inv_quantity_on_hand <= 500 and cs.cs_item_sk = i.i_item_sk /*+ hash */ group by i.i_item_id, i.i_item_desc, i.i_current_price order by i_item_id limit 100;",1,155.978006583s,155.977435461s,21.134186ms,0ns,0,0,543604114,0.00%,1986940
"set `compiler.optimize.groupby` 'false';use tpcds;select i_item_id,i_item_desc,i_current_price from item i, inventory inv, date_dim d, catalog_sales cs where i.i_current_price >= 23 and i.i_current_price <= 53 and inv.inv_item_sk = i.i_item_sk and d.d_date_sk=inv.inv_date_sk and date(d.d_date) >= '2000-07-20' and date(d.d_date) <= '2000-09-18' and i.i_manufact_id in (766, 702, 748, 728) and inv.inv_quantity_on_hand >= 100 and inv.inv_quantity_on_hand <= 500 and cs.cs_item_sk = i.i_item_sk group by i.i_item_id, i.i_item_desc, i.i_current_price order by i_item_id limit 100;",1,154.817950369s,154.817419339s,21.097015ms,0ns,0,0,543604114,0.00%,1986940
"set `compiler.optimize.groupby` 'true';use tpcds;select i_item_id,i_item_desc,i_current_price from item i, inventory inv, date_dim d, catalog_sales cs where i.i_current_price >= 23 and i.i_current_price <= 53 and inv.inv_item_sk = i.i_item_sk and d.d_date_sk=inv.inv_date_sk and date(d.d_date) >= '2000-07-20' and date(d.d_date) <= '2000-09-18' and i.i_manufact_id in (766, 702, 748, 728) and inv.inv_quantity_on_hand >= 100 and inv.inv_quantity_on_hand <= 500 and cs.cs_item_sk = i.i_item_sk group by i.i_item_id, i.i_item_desc, i.i_current_price order by i_item_id limit 100;",1,155.306302022s,155.305763509s,19.9254ms,0ns,0,0,543604114,0.00%,1986940
"use tpcds;select i_item_id,i_item_desc,i_current_price from item i, inventory inv, date_dim d, catalog_sales cs where i.i_current_price >= 23 and i.i_current_price <= 53 and inv.inv_item_sk = i.i_item_sk and d.d_date_sk=inv.inv_date_sk and date(d.d_date) >= '2000-07-20' and date(d.d_date) <= '2000-09-18' and i.i_manufact_id in (766, 702, 748, 728) and inv.inv_quantity_on_hand >= 100 and inv.inv_quantity_on_hand <= 500 and cs.cs_item_sk = i.i_item_sk /*+ hash */ group by i.i_item_id, i.i_item_desc, i.i_current_price order by i_item_id limit 100;",1,160.036379863s,160.035765427s,34.321315ms,0ns,0,0,543604114,0.00%,1986940
"set `compiler.optimize.groupby` 'false';use tpcds;select i_item_id,i_item_desc,i_current_price from item i, inventory inv, date_dim d, catalog_sales cs where i.i_current_price >= 41 and i.i_current_price <= 71 and inv.inv_item_sk = i.i_item_sk and d.d_date_sk=inv.inv_date_sk and date(d.d_date) >= '2001-05-08' and date(d.d_date) <= '2001-07-07' and i.i_manufact_id in (715, 739, 681, 856) and inv.inv_quantity_on_hand >= 100 and inv.inv_quantity_on_hand <= 500 and cs.cs_item_sk = i.i_item_sk group by i.i_item_id, i.i_item_desc, i.i_current_price order by i_item_id limit 100;",1,155.877187354s,155.876557546s,17.971113ms,0ns,0,0,543604114,0.00%,1986940
"set `compiler.optimize.groupby` 'true';use tpcds;select i_item_id,i_item_desc,i_current_price from item i, inventory inv, date_dim d, catalog_sales cs where i.i_current_price >= 41 and i.i_current_price <= 71 and inv.inv_item_sk = i.i_item_sk and d.d_date_sk=inv.inv_date_sk and date(d.d_date) >= '2001-05-08' and date(d.d_date) <= '2001-07-07' and i.i_manufact_id in (715, 739, 681, 856) and inv.inv_quantity_on_hand >= 100 and inv.inv_quantity_on_hand <= 500 and cs.cs_item_sk = i.i_item_sk group by i.i_item_id, i.i_item_desc, i.i_current_price order by i_item_id limit 100;",1,154.77181149s,154.771093246s,14.528771ms,0ns,0,0,543604114,0.00%,1986940
"use tpcds;select i_item_id,i_item_desc,i_current_price from item i, inventory inv, date_dim d, catalog_sales cs where i.i_current_price >= 41 and i.i_current_price <= 71 and inv.inv_item_sk = i.i_item_sk and d.d_date_sk=inv.inv_date_sk and date(d.d_date) >= '2001-05-08' and date(d.d_date) <= '2001-07-07' and i.i_manufact_id in (715, 739, 681, 856) and inv.inv_quantity_on_hand >= 100 and inv.inv_quantity_on_hand <= 500 and cs.cs_item_sk = i.i_item_sk /*+ hash */ group by i.i_item_id, i.i_item_desc, i.i_current_price order by i_item_id limit 100;",1,155.891895191s,155.891213842s,14.658712ms,0ns,0,0,543604114,0.00%,1986940
"set `compiler.optimize.groupby` 'false';use tpcds;select i_item_id,i_item_desc,i_current_price from item i, inventory inv, date_dim d, catalog_sales cs where i.i_current_price >= 13 and i.i_current_price <= 43 and inv.inv_item_sk = i.i_item_sk and d.d_date_sk=inv.inv_date_sk and date(d.d_date) >= '1998-07-22' and date(d.d_date) <= '1998-09-20' and i.i_manufact_id in (735, 832, 793, 783) and inv.inv_quantity_on_hand >= 100 and inv.inv_quantity_on_hand <= 500 and cs.cs_item_sk = i.i_item_sk group by i.i_item_id, i.i_item_desc, i.i_current_price order by i_item_id limit 100;",1,155.999265932s,155.998547952s,15.8164ms,0ns,0,0,543604114,0.00%,1986940
"set `compiler.optimize.groupby` 'true';use tpcds;select i_item_id,i_item_desc,i_current_price from item i, inventory inv, date_dim d, catalog_sales cs where i.i_current_price >= 13 and i.i_current_price <= 43 and inv.inv_item_sk = i.i_item_sk and d.d_date_sk=inv.inv_date_sk and date(d.d_date) >= '1998-07-22' and date(d.d_date) <= '1998-09-20' and i.i_manufact_id in (735, 832, 793, 783) and inv.inv_quantity_on_hand >= 100 and inv.inv_quantity_on_hand <= 500 and cs.cs_item_sk = i.i_item_sk group by i.i_item_id, i.i_item_desc, i.i_current_price order by i_item_id limit 100;",1,156.371598174s,156.371049155s,19.785618ms,0ns,0,0,543604114,0.00%,1986940
"use tpcds;select i_item_id,i_item_desc,i_current_price from item i, inventory inv, date_dim d, catalog_sales cs where i.i_current_price >= 13 and i.i_current_price <= 43 and inv.inv_item_sk = i.i_item_sk and d.d_date_sk=inv.inv_date_sk and date(d.d_date) >= '1998-07-22' and date(d.d_date) <= '1998-09-20' and i.i_manufact_id in (735, 832, 793, 783) and inv.inv_quantity_on_hand >= 100 and inv.inv_quantity_on_hand <= 500 and cs.cs_item_sk = i.i_item_sk /*+ hash */ group by i.i_item_id, i.i_item_desc, i.i_current_price order by i_item_id limit 100;",1,160.631802063s,160.631154704s,24.257998ms,0ns,0,0,543604114,0.00%,1986940
"set `compiler.optimize.groupby` 'false';use tpcds;select i_item_id,i_item_desc,i_current_price from item i, inventory inv, date_dim d, catalog_sales cs where i.i_current_price >= 13 and i.i_current_price <= 43 and inv.inv_item_sk = i.i_item_sk and d.d_date_sk=inv.inv_date_sk and date(d.d_date) >= '2000-04-21' and date(d.d_date) <= '2000-06-20' and i.i_manufact_id in (751, 741, 844, 998) and inv.inv_quantity_on_hand >= 100 and inv.inv_quantity_on_hand <= 500 and cs.cs_item_sk = i.i_item_sk group by i.i_item_id, i.i_item_desc, i.i_current_price order by i_item_id limit 100;",1,157.286547146s,157.285999445s,21.49816ms,0ns,0,0,543604114,0.00%,1986940
"set `compiler.optimize.groupby` 'true';use tpcds;select i_item_id,i_item_desc,i_current_price from item i, inventory inv, date_dim d, catalog_sales cs where i.i_current_price >= 13 and i.i_current_price <= 43 and inv.inv_item_sk = i.i_item_sk and d.d_date_sk=inv.inv_date_sk and date(d.d_date) >= '2000-04-21' and date(d.d_date) <= '2000-06-20' and i.i_manufact_id in (751, 741, 844, 998) and inv.inv_quantity_on_hand >= 100 and inv.inv_quantity_on_hand <= 500 and cs.cs_item_sk = i.i_item_sk group by i.i_item_id, i.i_item_desc, i.i_current_price order by i_item_id limit 100;",1,154.891435032s,154.890723679s,18.529841ms,0ns,0,0,543604114,0.00%,1986940
"use tpcds;select i_item_id,i_item_desc,i_current_price from item i, inventory inv, date_dim d, catalog_sales cs where i.i_current_price >= 13 and i.i_current_price <= 43 and inv.inv_item_sk = i.i_item_sk and d.d_date_sk=inv.inv_date_sk and date(d.d_date) >= '2000-04-21' and date(d.d_date) <= '2000-06-20' and i.i_manufact_id in (751, 741, 844, 998) and inv.inv_quantity_on_hand >= 100 and inv.inv_quantity_on_hand <= 500 and cs.cs_item_sk = i.i_item_sk /*+ hash */ group by i.i_item_id, i.i_item_desc, i.i_current_price order by i_item_id limit 100;",1,155.843002578s,155.842321834s,17.904525ms,0ns,0,0,543604114,0.00%,1986940
"set `compiler.optimize.groupby` 'false';use tpcds;select i_item_id,i_item_desc,i_current_price from item i, inventory inv, date_dim d, catalog_sales cs where i.i_current_price >= 28 and i.i_current_price <= 58 and inv.inv_item_sk = i.i_item_sk and d.d_date_sk=inv.inv_date_sk and date(d.d_date) >= '1999-07-07' and date(d.d_date) <= '1999-09-05' and i.i_manufact_id in (963, 822, 688, 775) and inv.inv_quantity_on_hand >= 100 and inv.inv_quantity_on_hand <= 500 and cs.cs_item_sk = i.i_item_sk group by i.i_item_id, i.i_item_desc, i.i_current_price order by i_item_id limit 100;",1,155.503423618s,155.502731822s,19.849555ms,0ns,0,0,543604114,0.00%,1986940
"set `compiler.optimize.groupby` 'true';use tpcds;select i_item_id,i_item_desc,i_current_price from item i, inventory inv, date_dim d, catalog_sales cs where i.i_current_price >= 28 and i.i_current_price <= 58 and inv.inv_item_sk = i.i_item_sk and d.d_date_sk=inv.inv_date_sk and date(d.d_date) >= '1999-07-07' and date(d.d_date) <= '1999-09-05' and i.i_manufact_id in (963, 822, 688, 775) and inv.inv_quantity_on_hand >= 100 and inv.inv_quantity_on_hand <= 500 and cs.cs_item_sk = i.i_item_sk group by i.i_item_id, i.i_item_desc, i.i_current_price order by i_item_id limit 100;",1,155.46155157s,155.461115787s,15.414632ms,0ns,0,0,543604114,0.00%,1986940
"use tpcds;select i_item_id,i_item_desc,i_current_price from item i, inventory inv, date_dim d, catalog_sales cs where i.i_current_price >= 28 and i.i_current_price <= 58 and inv.inv_item_sk = i.i_item_sk and d.d_date_sk=inv.inv_date_sk and date(d.d_date) >= '1999-07-07' and date(d.d_date) <= '1999-09-05' and i.i_manufact_id in (963, 822, 688, 775) and inv.inv_quantity_on_hand >= 100 and inv.inv_quantity_on_hand <= 500 and cs.cs_item_sk = i.i_item_sk /*+ hash */ group by i.i_item_id, i.i_item_desc, i.i_current_price order by i_item_id limit 100;",1,158.435849356s,158.435333938s,22.303718ms,0ns,0,0,543604114,0.00%,1986940
